                   ,WHO Region,WHO Region.1,LF DALYs,SCHIST DALYs,Whipworm DALYs,Unnamed: 6,Unnamed: 7,Hookworm DALYs,Unnamed: 9,Unnamed: 10,Roundworm DALYs,Unnamed: 12,Unnamed: 13,ONCH DALYs,LF Treatment Coverage,Unnamed: 16,Unnamed: 17,Unnamed: 18,SCHIST Treatment Coverage,Unnamed: 20,STH,Unnamed: 22,Unnamed: 23,Unnamed: 24,ONCH Treatment Coverage,Unnamed: 26,Unnamed: 27,Unnamed: 28,Prevalence (%),Unnamed: 30,Unnamed: 31,Unnamed: 32,Unnamed: 33,Unnamed: 34,Unnamed: 35,Unnamed: 36,Unnamed: 37,Unnamed: 38,LF Efficacy,Unnamed: 40,Unnamed: 41,Unnamed: 42,Unnamed: 43,Unnamed: 44,Schist Efficay,Unnamed: 46,Whipworm Efficacy,Unnamed: 48,Unnamed: 49,Unnamed: 50,Unnamed: 51,Unnamed: 52,Hookworm Efficacy,Unnamed: 54,Unnamed: 55,Unnamed: 56,Roundworm Efficacy,Unnamed: 58,Unnamed: 59,Unnamed: 60,Unnamed: 61,Unnamed: 62,ONCH Efficacy,Unnamed: 64,Treatment Guidelines,Unnamed: 66,Unnamed: 67,Unnamed: 68,Unnamed: 69,Unnamed: 70,Unnamed: 71,Unnamed: 72,Unnamed: 73,Impact of  LF,Unnamed: 75,Impact of Schist,Impact of Whipworm,Unnamed: 78,Unnamed: 79,Impact of Hookworm,Unnamed: 81,Impact of Roundworm,Unnamed: 83,Unnamed: 84,Impact of Onch
,,,Total DALYs,Total DALYs,Under 5 Years,5-14 Years,Total,Under 5 Years,5-14 Years,Total,Under 5 Years,5-14 Years,Total,Total DALYs,Prevalence,Number Treated,LF Treatment Coverage,Estimated LF Treatment Coverage,SCHIST Treatment Coverage,Estimated Schist Treatment Coverage,STH Pre-SAC Treatment Coverage,Estimated STH Pre-SAC Treatment Coverage,STH SAC Treatment Coverage,Estimated STH SAC Treatment Coverage,Number of People Needing Treatment for ONCH,Number of People Treated for ONCH,ONCH Treatment Coverage,Estimated ONCH Treatment Coverage,LF,SCHIST All Ages,SCHIST SAC,Whipworm,Whipworm,Hookworm,Hookworm,Roundworm,Roundworm,ONCH,*Single Dose of DEC (6mg/kg) (Updated),Estimated Efficacy,*Single dose of DEC (6mg/kg)+ALB(4a00mg) (Updated),Estimated Efficacy,*Combination of ALB(400mg)+IVM(400ug/kg) (Updated),Estimated Efficay,PZQ,,Alb,,Mbd,,Ivm+Alb,,ALB,,Mbd,,Alb,,Mbd,,Ivm+Alb,,IVM,IVM,LF,ONCH,SCHIST,STH Level,Coding,MDA type,Treatment Part 1,Treatment Part 2,Diseases Targeted by the MDA,DEC+ALB,IVM+ALB,PZQ,ALB,MBD,IVM+ALB,ALB,MBD,ALB,MBD,IVM+ALB,IVM
,,,,,,,,,,,,,,,,,60.71%,66.49%,Global Average,53.02%,Global Average,68.22%,Global Average,65.15%,,,Global Average,71.92%,,,5-14 years,1-4 years,5-14 years,1-4 years,5-14 years,1-4 years,5-14years,,,36.09%,,50.95%,,42.67%,Original,Estimated,Original,39.98%,Original,48.76%,Original,62.22%,Original,77.52%,Original,40.62%,Original,93.90%,Original,87.74%,Original,84.80%,Original,70.52%,1 if endemic,1 if endemic,1 if endemic,"2 if high, 1 if low",,,,,,848.08,"6,819.48",0.00,"1,323.42",292.16,"1,475.22",115.92,0.14,"100,726.73",516.54,"111,026.28",430.97
Afghanistan,EMR,"33,736,494",0.0,0.0,11.4,64.0,165.8,88.8,293.9,978.5,3831.7,6286.5,14783.2,0,,,,14.95%,,65.90%,100.00%,100.00%,79.65%,79.65%,,,,45.86%,0.00%,0.00%,0.00%,2.63%,8.64%,1.37%,1.73%,22.36%,26.82%,0.00%,,37.13%,,79.35%,,37.15%,,90.6%,,41.44%,,46.92%,,59.76%,,76.14%,,43.62%,,95.50%,,100.00%,,84.80%,,78.08%,0,0,0,0,0000,no action required,,,none,,,,,,,,,,,,
Albania,EUR,"2,880,703",0.0,0.0,0.0,0.0,0.0,0.0,0.0,0.0,0.3,0.2,0.5,0,,,,66.49%,,53.02%,,FALSE,,63.17%,,,,71.92%,0.00%,0.00%,0.00%,0.00%,0.00%,0.00%,0.00%,0.00%,0.00%,0.00%,,37.13%,,51.44%,,37.15%,,90.6%,,41.44%,,46.92%,,59.76%,,76.14%,,43.62%,,92.16%,,88.66%,,84.80%,,78.08%,0,0,0,0,0000,no action required,,,none,,,,,,,,,,,,
Algeria,AFR,"39,871,528",0.0,808.0,0.1,0.4,3.3,7.9,26.0,164.0,30.5,28.3,112.2,0,,,,62.28%,,51.41%,,76.05%,,68.22%,,,,65.07%,0.00%,0.08%,0.01%,1.08%,3.42%,0.30%,0.37%,2.00%,2.31%,0.00%,,31.23%,,40.00%,,29.43%,,85.9%,,38.16%,,48.59%,,47.18%,,86.99%,,70.92%,,90.67%,,84.83%,,69.60%,,83.90%,0,0,0,0,0000,no action required,,,none,,,,,,,,,,,,
American Samoa,WPR,"55,537",0.0,0.0,0.0,0.0,0.0,0.0,0.0,0.0,0.0,0.0,0.0,0,1172.329624,,,53.23%,,78.35%,,35.94%,,53.47%,,,,71.92%,2.20%,0.00%,0.00%,0.00%,0.00%,0.00%,0.00%,0.00%,0.00%,0.00%,,50.00%,,66.20%,,37.15%,,94.9%,,35.72%,,41.55%,,65.10%,,57.69%,,31.45%,,96.93%,,93.05%,,84.80%,,78.08%,0,0,0,0,0000,no action required,,,none,,,,,,,,,,,,
Andorra,EUR,"78,014",0.0,0.0,0.0,0.0,0.0,0.0,0.0,0.0,0.0,0.0,0.0,0,,,,66.49%,,53.02%,,FALSE,,63.17%,,,,71.92%,0.00%,0.00%,0.00%,0.00%,0.00%,0.00%,0.00%,0.00%,0.00%,0.00%,,37.13%,,51.44%,,37.15%,,90.6%,,41.44%,,46.92%,,59.76%,,76.14%,,43.62%,,92.16%,,88.66%,,84.80%,,78.08%,0,0,0,0,0000,no action required,,,none,,,,,,,,,,,,
Angola,AFR,"27,859,305",12861.6,18637.1,7.3,41.5,104.7,1013.6,3074.8,10990.5,1573.2,255.7,1915.1,9026.7,"471,561",89235,5.28%,5.28%,25.85%,25.85%,,76.05%,38.72%,38.72%,"5,561,326.00","231,106",4.16%,4.16%,1.71%,6.62%,1.15%,2.28%,8.00%,7.00%,8.49%,6.73%,8.00%,0.59%,,31.23%,,40.00%,,29.43%,,85.9%,,38.16%,,48.59%,,47.18%,,86.99%,,70.92%,,90.67%,,84.83%,,69.60%,,83.90%,1,1,1,0,1110,MDA1+T2,IVM+ALB,PZQ,lf+onch+schist ,,3.477525916,5319.627,,,,,,,,,0.06407526119
Anguilla,AMR,"14,723",,,,,,,,,,,,,,,,64.51%,,0.25%,,56.88%,,58.26%,,,,75.74%,,,,,,,,,,,,25.90%,,34.65%,,75.75%,,92.0%,,39.45%,,60.00%,,79.60%,,86.90%,,17.20%,,98.62%,,76.90%,,100.00%,,37.34%,0,0,0,0,0000,no action required,,,none,,,,,,,,,,,,
Antigua and Barbuda,AMR,"99,923",0.0,4.9,0.0,0.0,0.0,0.0,0.2,1.6,0.1,0.0,0.1,0,,,,64.51%,,0.25%,,56.88%,,58.26%,,,,75.74%,0.00%,0.43%,0.01%,1.39%,4.39%,0.67%,0.81%,1.99%,2.28%,0.00%,,25.90%,,34.65%,,75.75%,,92.0%,,39.45%,,60.00%,,79.60%,,86.90%,,17.20%,,98.62%,,76.90%,,100.00%,,37.34%,0,0,0,0,0000,no action required,,,none,,,,,,,,,,,,
Argentina,AMR,"43,417,765",0.0,0.0,0.1,0.8,3.5,32.1,122.0,910.1,16.0,21.3,91.3,0,,,,64.51%,,0.25%,,56.88%,,58.26%,,,,75.74%,0.00%,0.00%,0.00%,1.65%,4.77%,1.00%,1.10%,1.65%,1.73%,0.00%,,25.90%,,34.65%,,75.75%,,92.0%,,39.45%,,60.00%,,79.60%,,86.90%,,17.20%,,98.62%,,76.90%,,100.00%,,37.34%,0,0,0,0,0000,no action required,,,none,,,,,,,,,,,,
Armenia,EUR,"2,916,950",0.0,0.0,0.0,0.0,0.0,2.6,4.7,38.5,0.2,0.1,0.5,0,,,,66.49%,,53.02%,,FALSE,,63.17%,,,,71.92%,0.00%,0.00%,0.00%,1.40%,4.48%,1.00%,1.23%,1.21%,1.41%,0.00%,,37.13%,,51.44%,,37.15%,,90.6%,,41.44%,,46.92%,,59.76%,,76.14%,,43.62%,,92.16%,,88.66%,,84.80%,,78.08%,0,0,0,0,0000,no action required,,,none,,,,,,,,,,,,
Aruba,AMR,"104,341",,,,,,,,,,,,,,,,64.51%,,0.25%,,56.88%,,58.26%,,,,75.74%,,,,,,,,,,,,25.90%,,34.65%,,75.75%,,92.0%,,39.45%,,60.00%,,79.60%,,86.90%,,17.20%,,98.62%,,76.90%,,100.00%,,37.34%,0,0,0,0,0000,no action required,,,none,,,,,,,,,,,,
Australia,WPR,"23,789,338",0.0,0.0,0.0,0.0,0.0,0.0,0.0,0.0,0.0,0.0,0.0,0,,,,53.23%,,78.35%,,35.94%,,53.47%,,,,71.92%,0.00%,0.00%,0.00%,0.00%,0.00%,0.00%,0.00%,0.00%,0.00%,0.00%,,50.00%,,66.20%,,37.15%,,94.9%,,35.72%,,41.55%,,65.10%,,57.69%,,31.45%,,96.93%,,93.05%,,84.80%,,78.08%,0,0,0,0,0000,no action required,,,none,,,,,,,,,,,,
Austria,EUR,"8,633,169",0.0,0.0,0.0,0.0,0.0,0.0,0.0,0.0,0.0,0.0,0.0,0,,,,66.49%,,53.02%,,FALSE,,63.17%,,,,71.92%,0.00%,0.00%,0.00%,0.00%,0.00%,0.00%,0.00%,0.00%,0.00%,0.00%,,37.13%,,51.44%,,37.15%,,90.6%,,41.44%,,46.92%,,59.76%,,76.14%,,43.62%,,92.16%,,88.66%,,84.80%,,78.08%,0,0,0,0,0000,no action required,,,none,,,,,,,,,,,,
Azerbaijan,EUR,"9,649,341",0.0,0.0,0.0,0.0,0.0,3.6,14.7,139.9,3.4,2.4,9.9,0,,,,66.49%,,53.02%,,FALSE,52.79%,52.79%,,,,71.92%,0.00%,0.00%,0.00%,1.41%,4.49%,1.08%,1.33%,1.31%,1.53%,0.00%,,37.13%,,51.44%,,37.15%,,90.6%,,41.44%,,46.92%,,59.76%,,76.14%,,43.62%,,92.16%,,88.66%,,84.80%,,78.08%,0,0,0,0,0000,no action required,,,none,,,,,,,,,,,,
Bahamas,AMR,"386,838",0.0,,0.0,0.0,0.0,0.0,0.3,3.7,0.1,0.1,0.3,0,,,,64.51%,,0.25%,,56.88%,,58.26%,,,,75.74%,0.00%,0.00%,0.00%,1.27%,4.01%,,,,,,,25.90%,,34.65%,,75.75%,,92.0%,,39.45%,,60.00%,,79.60%,,86.90%,,17.20%,,98.62%,,76.90%,,100.00%,,37.34%,0,0,0,0,0000,no action required,,,none,,,,,,,,,,,,
Bahrain,EMR,"1,371,855",0.0,0.0,0.0,0.0,0.0,0.2,0.4,8.9,0.0,0.0,0.0,0,,,,14.95%,,65.90%,,97.54%,,41.45%,,,,45.86%,0.00%,0.00%,0.00%,0.98%,3.13%,0.27%,0.34%,1.55%,1.81%,0.00%,,37.13%,,79.35%,,37.15%,,90.6%,,41.44%,,46.92%,,59.76%,,76.14%,,43.62%,,95.50%,,100.00%,,84.80%,,78.08%,0,0,0,0,0000,no action required,,,none,,,,,,,,,,,,
Bangladesh,SEA,"161,200,886",0.0,0.0,525.5,3933.8,18084.3,544.8,2338.8,13289.0,14829.2,41590.6,125331.4,0,"2,638,16",,,72.21%,,28.06%,,93.73%,95.36%,95.36%,,,,71.92%,1.72%,0.00%,0.00%,6.50%,21.58%,1.55%,1.96%,41.27%,49.68%,0.00%,,47.82%,,58.32%,,14.00%,,94.9%,,53.94%,,37.87%,,59.76%,,71.33%,,20.50%,,83.00%,,100.00%,,84.80%,,78.08%,1,0,0,1,1001,MDA1/2,IVM+ALB or DEC+ALB,,lf+sth,0,0,,934.224921,,1168.296437,114.6691476,,99870.82016,,111026.2839,
Barbados,AMR,"284,217",0.0,0.0,0.0,0.0,0.0,0.1,0.2,3.8,0.0,0.0,0.0,0,,,,64.51%,,0.25%,,56.88%,,58.26%,,,,75.74%,0.00%,0.00%,0.00%,1.28%,4.04%,0.88%,1.05%,1.17%,1.33%,0.00%,,25.90%,,34.65%,,75.75%,,92.0%,,39.45%,,60.00%,,79.60%,,86.90%,,17.20%,,98.62%,,76.90%,,100.00%,,37.34%,0,0,0,0,0000,no action required,,,none,,,,,,,,,,,,
Belarus,EUR,"9,489,616",0.0,0.0,0.0,0.0,0.0,0.0,0.0,0.0,0.0,0.0,0.0,0,,,,66.49%,,53.02%,,FALSE,,63.17%,,,,71.92%,0.00%,0.00%,0.00%,0.00%,0.00%,0.00%,0.00%,0.00%,0.00%,0.00%,,37.13%,,51.44%,,37.15%,,90.6%,,41.44%,,46.92%,,59.76%,,76.14%,,43.62%,,92.16%,,88.66%,,84.80%,,78.08%,0,0,0,0,0000,no action required,,,none,,,,,,,,,,,,
Belgium,EUR,"11,274,196",0.0,0.0,0.0,0.0,0.0,0.0,0.0,0.0,0.0,0.0,0.0,0,,,,66.49%,,53.02%,,FALSE,,63.17%,,,,71.92%,0.00%,0.00%,0.00%,0.00%,0.00%,0.00%,0.00%,0.00%,0.00%,0.00%,,37.13%,,51.44%,,37.15%,,90.6%,,41.44%,,46.92%,,59.76%,,76.14%,,43.62%,,92.16%,,88.66%,,84.80%,,78.08%,0,0,0,0,0000,no action required,,,none,,,,,,,,,,,,
Belize,AMR,"359,288",0.0,0.0,0.0,0.0,0.9,0.7,2.0,14.5,1.4,0.5,5.2,0,,,,64.51%,,0.25%,100.00%,100.00%,,58.26%,,,,75.74%,0.00%,0.00%,0.00%,1.85%,5.92%,0.74%,0.90%,5.02%,5.80%,0.00%,,25.90%,,34.65%,,75.75%,,92.0%,,39.45%,,60.00%,,79.60%,,86.90%,,17.20%,,98.62%,,76.90%,,100.00%,,37.34%,0,0,0,0,0000,no action required,,,none,,,,,,,,,,,,
Benin,AFR,"10,575,952",3472.5,24750.6,22.2,141.2,390.4,330.0,1090.5,3768.5,1635.2,283.9,2068.6,3005.7,"7,34","1,980,880",81.59%,81.59%,45.05%,45.05%,,76.05%,86.81%,86.81%,"5,865,389.00","4,309,310.00",73.47%,73.47%,0.62%,22.53%,4.75%,2.21%,7.23%,8.95%,11.31%,5.57%,6.70%,0.37%,,31.23%,,40.00%,,29.43%,,85.9%,,38.16%,,48.59%,,47.18%,,86.99%,,70.92%,,90.67%,,84.83%,,69.60%,,83.90%,1,1,1,0,1110,MDA1+T2,IVM+ALB,PZQ,lf+onch+schist ,,6.804083182,15624.232,,,,,,,,,0.5927441938
Bermuda,AMR,"65,235",0.0,0.0,0.0,0.1,0.3,0.0,0.1,1.2,0.0,0.0,0.1,0,,,,64.51%,,0.25%,,56.88%,,58.26%,,,,75.74%,0.00%,0.00%,0.00%,1.13%,3.57%,0.69%,0.83%,0.85%,0.98%,0.00%,,25.90%,,34.65%,,75.75%,,92.0%,,39.45%,,60.00%,,79.60%,,86.90%,,17.20%,,98.62%,,76.90%,,100.00%,,37.34%,0,0,0,0,0000,no action required,,,none,,,,,,,,,,,,
Bhutan,SEA,"787,386",0.0,0.0,0.0,0.2,1.5,3.5,8.2,36.5,4.0,6.5,26.3,0,,,,72.21%,,28.06%,79.94%,79.94%,96.58%,96.58%,,,,71.92%,0.00%,0.00%,0.00%,2.91%,9.73%,1.37%,1.75%,9.34%,11.38%,0.00%,,47.82%,,58.32%,,14.00%,,94.9%,,53.94%,,37.87%,,59.76%,,71.33%,,20.50%,,83.00%,,100.00%,,84.80%,,78.08%,0,0,0,0,0000,no action required,,,none,,,,,,,,,,,,
Bolivia,AMR,"10,724,705",0.0,0.0,1.2,7.3,41.0,26.0,59.5,307.4,62.4,33.5,126.6,0,,,,64.51%,,0.25%,,56.88%,,58.26%,,,,75.74%,0.00%,0.00%,0.00%,1.90%,6.08%,0.51%,0.63%,2.71%,3.19%,0.00%,,25.90%,,34.65%,,75.75%,,92.0%,33.30%,33.30%,60.00%,60.00%,,79.60%,81.80%,81.80%,17.20%,17.20%,,98.62%,,76.90%,,100.00%,,37.34%,0,0,0,0,0000,no action required,,,none,,,,,,,,,,,,
"Bonaire, Saint Eustatius and Saba",AMR,,,,,,,,,,,,,0,,,,64.51%,,0.25%,,56.88%,,58.26%,,,,75.74%,,,,,,,,,,,,25.90%,,34.65%,,75.75%,,92.0%,,39.45%,,60.00%,,79.60%,,86.90%,,17.20%,,98.62%,,76.90%,,100.00%,,37.34%,0,0,0,0,0000,no action required,,,none,,,,,,,,,,,,
Bosnia and Herzegovina,EUR,"3,535,961",0.0,0.0,0.0,0.0,0.0,0.0,0.0,0.0,0.0,0.0,0.0,0,,,,66.49%,,53.02%,,FALSE,,63.17%,,,,71.92%,0.00%,0.00%,0.00%,0.00%,0.00%,0.00%,0.00%,0.00%,0.00%,0.00%,,37.13%,,51.44%,,37.15%,,90.6%,,41.44%,,46.92%,,59.76%,,76.14%,,43.62%,,92.16%,,88.66%,,84.80%,,78.08%,0,0,0,0,0000,no action required,,,none,,,,,,,,,,,,
Botswana,AFR,"2,209,197",0.0,789.5,0.0,0.0,0.0,24.7,0.0,0.0,2.8,1.1,4.5,0,,,,62.28%, , ,100.00%,100.00%,23.22%,23.22%,,,,65.07%,0.00%,3.99%,0.42%,1.35%,4.29%,3.25%,3.97%,0.35%,0.41%,0.00%,,31.23%,,40.00%,,29.43%,,85.9%,,38.16%,,48.59%,,47.18%,,86.99%,,70.92%,,90.67%,,84.83%,,69.60%,,83.90%,0,1,1,0,0110,MDA3+T2,IVM,PZQ,onch+schist,,,,,,,,,,,,0
Brazil,AMR,"205,962,108",1.1,79049.7,86.3,736.1,3249.7,314.0,108.2,683.5,545.1,952.4,3681.6,0,72, , , ,0.25%,0.25%,,56.88%,75.28%,75.28%,"15,475.00","11,460.00",74.05%,74.05%,0.00%,4.44%,0.06%,1.62%,5.01%,1.09%,1.27%,2.10%,2.37%,0.00%,42.60%,42.60%,57.90%,57.90%,,75.75%,,91.70%,,39.45%,,60.00%,,79.60%,,86.90%,,17.20%,,98.62%,,76.90%,,100.00%,,37.34%,1,1,1,0,1110,MDA1+T2,IVM+ALB,PZQ,lf+onch+schist ,,,181.638,,,,,,,,,0
British Virgin Islands,AMR,"30,113",,,,,,,,,,,,,,,,64.51%,,0.25%,,56.88%,,58.26%,,,,75.74%,,,,,,,,,,,,25.90%,,34.65%,,75.75%,,92.0%,,39.45%,,60.00%,,79.60%,,86.90%,,17.20%,,98.62%,,76.90%,,100.00%,,37.34%,0,0,0,0,0000,no action required,,,none,,,,,,,,,,,,
Brunei Darussalam,WPR,"417,542",13.9,0.0,0.0,0.0,0.0,0.0,,,0.2,0.1,0.5,0,63, , , ,,78.35%,,35.94%,,53.47%,,,,71.92%,0.16%,0.00%,0.00%,0.00%,0.00%,0.00%,0.00%,0.00%,0.00%,0.00%,,50.00%,,66.20%,,37.15%,,94.9%,,35.72%,,41.55%,,65.10%,,57.69%,,31.45%,,96.93%,,93.05%,,84.80%,,78.08%,1,0,0,0,1000,MDA1/2,IVM+ALB or DEC+ALB,,lf only,,,,,,,,,,,,
Bulgaria,EUR,"7,177,991",0.0,0.0,0.0,0.0,0.0,0.0,0.0,0.0,0.0,0.0,0.0,0,,,,66.49%,,53.02%,,FALSE,,63.17%,,,,71.92%,0.00%,0.00%,0.00%,0.00%,0.00%,0.00%,0.00%,0.00%,0.00%,0.00%,,37.13%,,51.44%,,37.15%,,90.6%,,41.44%,,46.92%,,59.76%,,76.14%,,43.62%,,92.16%,,88.66%,,84.80%,,78.08%,0,0,0,0,0000,no action required,,,none,,,,,,,,,,,,
Burkina Faso,AFR,"18,110,624",37535.2,14273.0,0.0,0.0,0.0,378.0,1091.4,3531.1,1039.6,66.4,1131.8,72.9,"529,42","4,229,398",76.48%,76.48%,92.59%,92.59%,,76.05%,,68.22%,"260,001.00","230,153.00",88.52%,88.52%,2.54%,1.27%,0.24%,1.82%,6.09%,5.38%,6.92%,15.28%,18.73%,0.00%,,31.23%,,40.00%,,29.43%,,85.9%,,38.16%,,48.59%,,47.18%,,86.99%,,70.92%,,90.67%,,84.83%,,69.60%,,83.90%,1,1,1,0,1110,MDA1+T2,IVM+ALB,PZQ,lf+onch+schist ,,277.0472965,55469.817,,,,,,,,,0.00009195513387
Burundi,AFR,"10,199,270",0.0,7831.8,41.4,5.2,892.3,542.7,1245.8,9846.7,1907.0,225.2,3140.6,16362.1,,,,62.28%,62.64%,62.64%,82.80%,82.80%,99.97%,99.97%,"1,737,426.00","1,437,189.00",82.72%,82.72%,0.00%,4.06%,0.86%,5.16%,17.01%,10.40%,13.21%,11.99%,14.51%,2.40%,,31.23%,,40.00%,,29.43%,,85.9%,,38.16%,,48.59%,,47.18%,,86.99%,,70.92%,,90.67%,,84.83%,,69.60%,,83.90%,0,1,1,0,0110,MDA3+T2,IVM,PZQ,onch+schist,,,9122.996,,,,,,,,,29.63508136
Cambodia,WPR,"15,517,635",0.0,4086.4,0.0,0.0,0.0,60.9,191.1,905.8,30.9,19.1,80.9,0,,,,53.23%,89.82%,89.82%,93.33%,93.33%,91.82%,91.82%,,,,71.92%,0.00%,0.00%,0.00%,1.66%,5.50%,2.12%,2.69%,16.89%,20.38%,0.00%,,50.00%,,66.20%,,37.15%,,94.9%,,35.72%,,41.55%,,65.10%,,57.69%,,31.45%,,96.93%,,93.05%,,84.80%,,78.08%,0,1,1,0,0110,MDA3+T2,IVM,PZQ,onch+schist,,,23597.699,,,,,,,,,0
Cameroon,AFR,"22,834,522",50841.0,27604.4,112.0,557.8,3925.0,493.1,1591.3,6205.1,3036.0,897.2,5552.6,101631,"1,292,163","6,440,400",59.67%,59.67%,63.32%,63.32%,100.00%,100.00%,78.39%,78.39%,"9,909,128.00","7,540,235.00",76.09%,76.09%,4.78%,8.60%,1.87%,2.26%,7.37%,4.77%,5.97%,5.79%,6.88%,5.26%,,31.23%,,40.00%,,29.43%,,97.88,,38.16%,,48.59%,,47.18%,,86.99%,,70.92%,100.00%,100.00%,,84.83%,,69.60%,,83.90%,1,1,1,0,1110,MDA1+T2,IVM+ALB,PZQ,lf+onch+schist ,,517.5195041,44899.398,,,,,,,,,314.7241855
Canada,AMR,"35,848,610",0.0,0.0,0.0,0.0,0.0,0.0,0.0,0.0,0.0,0.0,0.0,0,,,,64.51%,,0.25%,,56.88%,,58.26%,,,,75.74%,0.00%,0.00%,0.00%,0.00%,0.00%,0.00%,0.00%,0.00%,0.00%,0.00%,,25.90%,,34.65%,,75.75%,,92.0%,,39.45%,,60.00%,,79.60%,,86.90%,,17.20%,,98.62%,,76.90%,,100.00%,,37.34%,0,0,0,0,0000,no action required,,,none,,,,,,,,,,,,
Cape Verde,AFR,"532,913",0.0,0.0,0.0,0.0,0.0,1.3,3.6,18.1,0.8,0.2,1.1,0,,,,62.28%,,51.41%,72.14%,72.14%,72.14%,72.14%,,,,65.07%,0.00%,0.00%,0.00%,1.78%,5.51%,1.99%,2.36%,3.11%,3.50%,0.00%,,31.23%,,40.00%,,29.43%,,85.9%,,38.16%,,48.59%,,47.18%,,86.99%,,70.92%,,90.67%,,84.83%,,69.60%,,83.90%,0,0,0,0,0000,no action required,,,none,,,,,,,,,,,,
Cayman Islands,AMR,"59,963",,,,,,,,,,,,,,,,64.51%,,0.25%,,56.88%,,58.26%,,,,75.74%,,,,,,,,,,,,25.90%,,34.65%,,75.75%,,92.0%,,39.45%,,60.00%,,79.60%,,86.90%,,17.20%,,98.62%,,76.90%,,100.00%,,37.34%,0,0,0,0,0000,no action required,,,none,,,,,,,,,,,,
Central African Republic,AFR,"4,546,100",2834.8,4268.7,0.0,0.1,0.7,145.8,462.3,1725.3,334.7,41.3,396.3,20883,"398,27", , , , , ,100.00%,100.00%,,68.22%,"2,485,741.00", ,,65.07%,8.72%,4.50%,0.70%,3.17%,10.49%,7.37%,9.37%,8.94%,10.80%,6.43%,,31.23%,,40.00%,,29.43%,,85.9%,,38.16%,,48.59%,,47.18%,,86.99%,,70.92%,,90.67%,,84.83%,,69.60%,,83.90%,1,1,1,0,1110,MDA1+T2,IVM+ALB,PZQ,lf+onch+schist ,,,,,,,,,,,,53.78355791
Chad,AFR,"14,009,413",7290.7,14610.5,3.3,17.7,41.8,1933.7,5406.6,18249.1,1646.2,164.1,1839.3,17324.2,"211,845","3,074,858",67.90%,67.90%,57.74%,57.74%,100.00%,100.00%,25.72%,25.72%,"5,641,756.00","3,710,291.00",65.76%,65.76%,1.42%,7.22%,0.33%,2.88%,9.54%,18.24%,23.35%,11.10%,13.55%,1.69%,,31.23%,,40.00%,,29.43%,,85.9%,,38.16%,,48.59%,,47.18%,,86.99%,,70.92%,,90.67%,,84.83%,,69.60%,,83.90%,1,1,1,0,1110,MDA1+T2,IVM+ALB,PZQ,lf+onch+schist ,,25.88685894,14377.817,,,,,,,,,12.00899961
Chile,AMR,"17,762,681",0.0,0.0,0.3,2.5,18.2,1.2,16.2,171.9,6.7,14.2,73.1,0,,,,64.51%,,0.25%,,56.88%,,58.26%,,,,75.74%,0.00%,0.00%,0.00%,1.49%,4.33%,0.99%,1.10%,1.04%,1.10%,0.00%,,25.90%,,34.65%,,75.75%,,92.0%,,39.45%,,60.00%,,79.60%,,86.90%,,17.20%,,98.62%,,76.90%,,100.00%,,37.34%,0,0,0,0,0000,no action required,,,none,,,,,,,,,,,,
China,WPR,"1,371,220,000",0.0,33337.3,106.3,757.3,8537.3,2011.3,7699.1,97600.9,619.9,969.9,5730.8,0,,,,53.23%, , ,,35.94%,,53.47%,,,,71.92%,0.00%,0.26%,0.03%,3.40%,11.08%,1.52%,1.93%,1.50%,1.78%,0.00%,,50.00%,,66.20%,,37.15%,,96.1%,42.35%,42.35%,55.20%,55.20%,,65.10%,75.08%,75.08%,44.75%,44.75%,96.45%,96.45%,93.05%,93.05%,,84.80%,,78.08%,0,1,1,0,0110,MDA3+T2,IVM,PZQ,onch+schist,,,,,,,,,,,,0
"China, Hong Kong SAR",WPR,"7,305,700",,,,,,,,,,,,,,,,53.23%,,78.35%,,35.94%,,53.47%,,,,71.92%,,,,,,,,,,,,50.00%,,66.20%,,37.15%,,94.9%,,35.72%,,41.55%,,65.10%,,57.69%,,31.45%,,96.93%,,93.05%,,84.80%,,78.08%,0,0,0,0,0000,no action required,,,none,,,,,,,,,,,,
"China, Macao SAR",WPR,"600,942",,,,,,,,,,,,,,,,53.23%,,78.35%,,35.94%,,53.47%,,,,71.92%,,,,,,,,,,,,50.00%,,66.20%,,37.15%,,94.9%,,35.72%,,41.55%,,65.10%,,57.69%,,31.45%,,96.93%,,93.05%,,84.80%,,78.08%,0,0,0,0,0000,no action required,,,none,,,,,,,,,,,,
Colombia,AMR,"48,228,697",0.0,0.0,29.2,202.7,813.5,48.1,209.4,1478.4,1013.0,2178.6,6787.1,0,,,,64.51%,,0.25%,2.70%,2.70%,27.55%,27.55%, , ,,75.74%,0.00%,0.00%,0.00%,2.34%,7.25%,0.83%,0.98%,15.55%,17.47%,0.00%,,25.90%,,34.65%,,75.75%,,92.0%,,39.45%,,60.00%,,79.60%,,86.90%,,17.20%,,98.62%,,76.90%,,100.00%,,37.34%,0,0,0,0,0000,no action required,,,none,,,,,,,,,,,,
Comoros,AFR,"777,424",1535.7,0.0,0.8,5.5,31.3,7.6,25.6,180.3,13.5,6.4,27.7,0,"43,889","382,312",46.16%,46.16%,,51.41%,47.59%,47.59%,47.59%,47.59%,,,,65.07%,6.33%,0.00%,0.00%,1.98%,6.43%,3.55%,4.40%,1.67%,1.97%,0.00%,,31.23%,,40.00%,,29.43%,,85.9%,,38.16%,,48.59%,,47.18%,,86.99%,,70.92%,,90.67%,,84.83%,,69.60%,,83.90%,1,0,0,0,1000,MDA1/2,IVM+ALB or DEC+ALB,,lf only,22.02755962,15.29247244,,,,,,,,,,
Congo,AFR,"4,995,648",5443.0,7485.6,0.0,0.0,0.0,47.7,183.7,747.0,64.9,10.4,79.8,2491.3,"186,21","106,081",11.31%,11.31%,40.77%,40.77%,8.08%,8.08%,58.89%,58.89%,"661,383.00","509,072.00",76.97%,76.97%,3.87%,16.29%,2.34%,1.85%,6.07%,2.78%,3.51%,1.54%,1.85%,0.74%,,31.23%,,40.00%,,29.43%,,85.9%,,38.16%,,48.59%,,47.18%,,86.99%,,70.92%,,90.67%,,84.83%,,69.60%,,83.90%,1,1,1,0,1110,MDA1+T2,IVM+ALB,PZQ,lf+onch+schist ,,7.258350469,4034.506,,,,,,,,,1.122291949
Cook Islands,WPR,"18,800",,,,,,,,,,,,,,,,53.23%,,78.35%,,35.94%,,53.47%,,,,71.92%,,,,,,,,,,,,50.00%,,66.20%,,37.15%,,94.9%,,35.72%,,41.55%,,65.10%,,57.69%,,31.45%,,96.93%,,93.05%,,84.80%,,78.08%,0,0,0,0,0000,no action required,,,none,,,,,,,,,,,,
Costa Rica,AMR,"4,807,852",0.0,0.0,0.6,4.2,34.0,4.2,20.6,135.4,33.1,75.1,275.6,0,219269.6272,,,64.51%,,0.25%,,56.88%,,58.26%,,,,75.74%,0.00%,0.00%,0.00%,2.22%,6.85%,0.79%,0.94%,12.55%,14.14%,0.00%,,25.90%,,34.65%,,75.75%,,92.0%,,39.45%,,60.00%,,79.60%,,86.90%,,17.20%,,98.62%,,76.90%,,100.00%,,37.34%,0,0,0,0,0000,no action required,,,none,,,,,,,,,,,,
Cote d'Ivoire,AFR,"23,108,472",3992.6,52649.6,16.0,92.0,303.4,596.2,1744.7,7066.6,4213.7,804.6,5461.8,95.4,,"14,817,898",72.35%,72.35%,62.93%,62.93%,100.00%,100.00%,86.76%,86.76%,"3,096,211.00","3,096,211.00",100.00%,100.00%,0.90%,21.55%,4.37%,1.47%,4.82%,4.75%,6.01%,4.39%,5.28%,0.00%,,31.23%,,40.00%,,29.43%,,85.9%,,38.16%,,48.59%,,47.18%,,86.99%,,70.92%,,90.67%,,84.83%,,69.60%,,83.90%,1,1,1,0,1110,MDA1+T2,IVM+ALB,PZQ,lf+onch+schist ,,9.719247268,61947.729,,,,,,,,,0.0002144440114
Croatia,EUR,"4,203,604",0.0,0.0,0.0,0.0,0.0,0.0,0.0,0.0,0.0,0.0,0.0,0,,,,66.49%,,53.02%,,FALSE,,63.17%,,,,71.92%,0.00%,0.00%,0.00%,0.00%,0.00%,0.00%,0.00%,0.00%,0.00%,0.00%,,37.13%,,51.44%,,37.15%,,90.6%,,41.44%,,46.92%,,59.76%,,76.14%,,43.62%,,92.16%,,88.66%,,84.80%,,78.08%,0,0,0,0,0000,no action required,,,none,,,,,,,,,,,,
Cuba,AMR,"11,461,432",0.0,0.0,0.7,5.0,27.3,11.6,46.8,534.8,22.5,63.8,261.0,0,,,,64.51%,,0.25%,,56.88%,,58.26%,,,,75.74%,0.00%,0.00%,0.00%,1.51%,4.74%,0.89%,1.07%,2.21%,2.53%,0.00%,,25.90%,,34.65%,,75.75%,,92.0%,,39.45%,,60.00%,,79.60%,,86.90%,,17.20%,,98.62%,76.90%,76.90%,,100.00%,,37.34%,0,0,0,0,0000,no action required,,,none,,,,,,,,,,,,
Curacao,AMR,"157,979",,,,,,,,,,,,,,,,64.51%,,0.25%,,56.88%,,58.26%,,,,75.74%,,,,,,,,,,,,25.90%,,34.65%,,75.75%,,92.0%,,39.45%,,60.00%,,79.60%,,86.90%,,17.20%,,98.62%,,76.90%,,100.00%,,37.34%,0,0,0,0,0000,no action required,,,none,,,,,,,,,,,,
Cyprus,EUR,"1,160,985",0.0,0.0,0.0,0.0,0.0,0.0,0.0,0.0,0.0,0.0,0.0,0,,,,66.49%,,53.02%,,FALSE,,63.17%,,,,71.92%,0.00%,0.00%,0.00%,0.00%,0.00%,0.00%,0.00%,0.00%,0.00%,0.00%,,37.13%,,51.44%,,37.15%,,90.6%,,41.44%,,46.92%,,59.76%,,76.14%,,43.62%,,92.16%,,88.66%,,84.80%,,78.08%,0,0,0,0,0000,no action required,,,none,,,,,,,,,,,,
Czech Republic,EUR,"10,546,059",0.0,0.0,0.0,0.0,0.0,0.0,0.0,0.0,0.0,0.0,0.0,0,,,,66.49%,,53.02%,,FALSE,,63.17%,,,,71.92%,0.00%,0.00%,0.00%,0.00%,0.00%,0.00%,0.00%,0.00%,0.00%,0.00%,,37.13%,,51.44%,,37.15%,,90.6%,,41.44%,,46.92%,,59.76%,,76.14%,,43.62%,,92.16%,,88.66%,,84.80%,,78.08%,0,0,0,0,0000,no action required,,,none,,,,,,,,,,,,
Democratic People's Republic of Korea,SEA,"25,243,917",0.0,0.0,,,,3.2,71.6,898.8,0.0,86.9,472.6,0,,,,72.21%,,28.06%,99.56%,99.56%,99.02%,99.02%,,,,71.92%,,,,,3.03%,13.46%,17.12%,17.75%,21.49%,13.69%,,47.82%,,58.32%,,14.00%,,94.9%,,53.94%,,37.87%,,59.76%,,71.33%,,20.50%,,83.00%,,100.00%,,84.80%,,78.08%,0,0,0,0,0000,no action required,,,none,,,,,,,,,,,,
Democratic Republic of the Congo,AFR,"76,196,619",24700.5,150329.9,562.4,2688.6,8017.4,4447.8,16261.7,52645.3,30133.6,10756.6,49812.5,664566.7,"64,137","30,372,985",71.24%,71.24%,57.77%,57.77%,91.78%,91.78%,67.44%,67.44%,"46,447,852.00","35,695,074.00",76.85%,76.85%,0.76%,20.83%,3.60%,6.71%,22.17%,,,,,,,31.23%,,40.00%,,29.43%,,85.9%,,38.16%,,48.59%,,47.18%,,86.99%,,70.92%,,90.67%,,84.83%,,69.60%,,83.90%,1,1,1,1,1111,MDA1+T2,IVM+ALB,PZQ,lf+onch+schist+sth,,49.66072526,148088.361,226.9134216,,306.9236592,0,,0.00,,0.00,0
Denmark,EUR,"5,683,483",0.0,0.0,0.0,0.0,0.0,0.0,0.0,0.0,0.0,0.0,0.0,0,,,,66.49%,,53.02%,,FALSE,,63.17%,,,,71.92%,0.00%,0.00%,0.00%,0.00%,0.00%,0.00%,0.00%,0.00%,0.00%,0.00%,,37.13%,,51.44%,,37.15%,,90.6%,,41.44%,,46.92%,,59.76%,,76.14%,,43.62%,,92.16%,,88.66%,,84.80%,,78.08%,0,0,0,0,0000,no action required,,,none,,,,,,,,,,,,
Djibouti,EMR,"927,414",0.0,82.7,0.0,0.0,0.0,3.1,4.4,26.9,9.0,1.8,11.7,0,,,,14.95%,,65.90%,,97.54%,,41.45%,,,,45.86%,0.00%,0.12%,0.01%,1.84%,6.20%,1.17%,1.52%,4.09%,5.03%,0.00%,,37.13%,,79.35%,,37.15%,,90.6%,,41.44%,,46.92%,,59.76%,,76.14%,,43.62%,,95.50%,,100.00%,,84.80%,,78.08%,0,0,0,0,0000,no action required,,,none,,,,,,,,,,,,
Dominica,AMR,"73,162",0.0,0.0,0.0,0.0,0.0,0.0,0.2,0.8,0.1,0.0,0.1,0,,,,64.51%,,0.25%,,56.88%,,58.26%,,,,75.74%,0.00%,0.00%,0.00%,1.49%,4.73%,0.85%,1.03%,1.91%,2.19%,0.00%,,25.90%,,34.65%,,75.75%,,92.0%,,39.45%,,60.00%,,79.60%,,86.90%,,17.20%,,98.62%,,76.90%,,100.00%,,37.34%,0,0,0,0,0000,no action required,,,none,,,,,,,,,,,,
Dominican Republic,AMR,"10,528,394",83.4,617.1,0.0,0.0,0.0,3.7,19.8,142.3,12.5,5.2,21.7,0.00E+00,"4,276","56,985",81.74%,81.74%,,0.25%,16.94%,16.94%,80.25%,80.25%,,,,75.74%,0.04%,0.55%,0.02%,1.89%,5.99%,0.71%,0.85%,6.69%,7.65%,0.00%,,25.90%,,34.65%,,75.75%,,92.0%,,39.45%,,60.00%,,79.60%,,86.90%,,17.20%,,98.62%,,76.90%,,100.00%,,37.34%,1,0,0,0,1000,MDA1/2,IVM+ALB or DEC+ALB,,lf only,0.01404940219,0.05780939578,,,,,,,,,,
Ecuador,AMR,"16,144,368",0.0,0.0,36.4,178.6,1216.5,9.6,26.8,205.3,483.6,549.0,2666.2,0.00E+00,,,,64.51%,,0.25%,,56.88%,,58.26%, ,,,75.74%,0.00%,0.00%,0.00%,3.17%,9.69%,0.49%,0.57%,10.58%,11.82%,0.00%,,25.90%,,34.65%,,75.75%,,92.0%,,39.45%,,60.00%,,79.60%,,86.90%,,17.20%,,98.62%,,76.90%,,100.00%,,37.34%,0,0,1,0,0010,T2,PZQ,PZQ,schist only,,,0.0,,,,,,,,,
Egypt,EMR,"93,778,172",0.0,28724.9,0.6,4.0,25.2,117.9,339.0,1737.2,330.7,522.7,1417.3,0,51859.9967, , , ,95.58%,95.58%,,97.54%,,41.45%,,,,45.86%,0.55%,1.41%,0.10%,1.02%,3.28%,0.30%,0.37%,4.56%,5.37%,0.00%,,37.13%,79.35%,79.35%,,37.15%,,88.20%,,41.44%,,46.92%,,59.76%,,76.14%,,43.62%,,95.50%,,100.00%,,84.80%,,78.08%,0,1,1,0,0110,MDA3+T2,IVM,PZQ,onch+schist,,,154254.428,,,,,,,,,0
El Salvador,AMR,"6,312,478",0.0,0.0,1.3,0.1,57.3,19.9,43.3,542.5,7.0,4.6,34.1,0,,,,64.51%,,0.25%,,56.88%,72.01%,72.01%,,,,75.74%,0.00%,0.00%,0.00%,2.43%,7.55%,2.21%,2.62%,5.83%,6.56%,0.00%,,25.90%,,34.65%,,75.75%,,92.0%,,39.45%,,60.00%,,79.60%,,86.90%,,17.20%,,98.62%,,76.90%,,100.00%,,37.34%,0,0,0,0,0000,no action required,,,none,,,,,,,,,,,,
Equatorial Guinea,AFR,"1,175,389",1728.4,442.3,1.3,8.6,24.8,12.0,49.6,245.5,140.4,200.7,467.6,2312,"31,234", , , , , ,,76.05%,,68.22%,"98,797.00", ,,65.07%,2.40%,4.04%,0.67%,1.67%,5.51%,1.51%,1.91%,2.97%,3.57%,2.92%,,31.23%,,40.00%,,29.43%,,85.9%,,38.16%,,48.59%,,47.18%,,86.99%,,70.92%,,90.67%,,84.83%,,69.60%,,83.90%,1,1,1,0,1110,MDA1+T2,IVM+ALB,PZQ,lf+onch+schist ,,,,,,,,,,,,2.705721224
Eritrea,AFR,,117.7,4016.7,0.0,0.1,0.2,142.8,393.2,1490.8,93.5,13.0,111.7,0,"6,927","55,525",76.06%,76.06%,61.21%,61.21%,,76.05%,,68.22%,,,,65.07%,0.12%,5.99%,0.64%,1.82%,5.98%,10.40%,13.10%,1.88%,2.25%,0.00%,,31.23%,,40.00%,,29.43%,,85.9%,,38.16%,,48.59%,,47.18%,,86.99%,,70.92%,,90.67%,,84.83%,,69.60%,,83.90%,1,1,1,0,1110,MDA1+T2,IVM+ALB,PZQ,lf+onch+schist ,,0.04135553538,4453.668,,,,,,,,,0
Estonia,EUR,"1,315,407",0.0,0.0,0.0,0.0,0.0,0.0,0.0,0.0,0.0,0.0,0.0,0,,,,66.49%,,53.02%,,FALSE,,63.17%,,,,71.92%,0.00%,0.00%,0.00%,0.00%,0.00%,0.00%,0.00%,0.00%,0.00%,0.00%,,37.13%,,51.44%,,37.15%,,90.6%,,41.44%,,46.92%,,59.76%,,76.14%,,43.62%,,92.16%,,88.66%,,84.80%,,78.08%,0,0,0,0,0000,no action required,,,none,,,,,,,,,,,,
Ethiopia,AFR,"99,873,033",680.3,178312.1,193.6,1256.1,5707.6,7493.0,23207.5,85207.1,13256.3,4468.7,22356.9,40558.5,"22,62","4,236,666",75.20%,75.20%,47.30%,47.30%,83.98%,83.98%,74.83%,74.83%,"17,506,842.00","14,173,602.00",80.96%,80.96%,0.02%,20.69%,3.46%,2.26%,7.47%,17.05%,22.06%,3.77%,4.58%,0.58%,,31.23%,,40.00%,,29.43%,,97%,17.10%,17.10%,43.70%,43.70%,,47.18%,,86.99%,,70.92%,88.20%,88.20%,93.33%,93.33%,,69.60%,81.00%,81.00%,1,1,1,0,1110,MDA1+T2,IVM+ALB,PZQ,lf+onch+schist ,,0.04278112046,151169.413,,,,,,,,,15.005745
Fiji,WPR,"892,149",216.0,0.0,4.2,35.4,279.4,2.4,10.1,58.3,14.0,16.4,65.5,0,"3,171","68,072",86.32%,86.32%,,78.35%,7.02%,7.02%,7.68%,7.68%,,,,71.92%,0.36%,0.00%,0.00%,3.16%,10.30%,1.11%,1.39%,4.47%,5.33%,0.00%,,50.00%,,66.20%,,37.15%,,94.9%,,35.72%,,41.55%,,65.10%,,57.69%,,31.45%,,96.93%,,93.05%,,84.80%,,78.08%,1,0,0,0,1000,MDA1/2,IVM+ALB or DEC+ALB,,lf only,1.041038457,0.3686035085,,,,,,,,,,
Finland,EUR,"5,479,531",0.0,0.0,0.0,0.0,0.0,0.0,0.0,0.0,0.0,0.0,0.0,0,,,,66.49%,,53.02%,,FALSE,,63.17%,,,,71.92%,0.00%,0.00%,0.00%,0.00%,0.00%,0.00%,0.00%,0.00%,0.00%,0.00%,,37.13%,,51.44%,,37.15%,,90.6%,,41.44%,,46.92%,,59.76%,,76.14%,,43.62%,,92.16%,,88.66%,,84.80%,,78.08%,0,0,0,0,0000,no action required,,,none,,,,,,,,,,,,
France,EUR,"66,624,068",0.0,0.0,0.0,0.0,0.0,0.0,0.0,0.0,0.0,0.0,0.0,0,,,,66.49%,,53.02%,,FALSE,,63.17%,,,,71.92%,0.00%,0.00%,0.00%,0.00%,0.00%,0.00%,0.00%,0.00%,0.00%,0.00%,,37.13%,,51.44%,,37.15%,,90.6%,,41.44%,,46.92%,,59.76%,,76.14%,,43.62%,,92.16%,,88.66%,,84.80%,,78.08%,0,0,0,0,0000,no action required,,,none,,,,,,,,,,,,
French Polynesia,WPR,"277,690",,,,,,,,,,,,,,"32,963",87.11%,87.11%,,78.35%,,35.94%,,53.47%,,,,71.92%,,,,,,,,,,,,50.00%,,66.20%,,37.15%,,94.9%,,35.72%,,41.55%,,65.10%,,57.69%,,31.45%,,96.93%,,93.05%,,84.80%,,78.08%,1,0,0,0,1000,MDA1/2,IVM+ALB or DEC+ALB,,lf only,0,0,,,,,,,,,,
Gabon,AFR,"1,930,175",559.5,2094.7,1.8,12.1,45.3,6.1,20.5,83.5,46.3,14.2,74.1,0,"6,39", , , , , ,,76.05%,,68.22%,"76,466.00", ,,65.07%,0.38%,15.09%,1.11%,1.61%,5.31%,1.06%,1.33%,0.90%,1.08%,0.00%,,31.23%,,40.00%,,29.43%,,85.9%,63.33%,63.33%,,48.59%,,47.18%,79.67%,79.67%,,70.92%,89.33%,89.33%,,84.83%,,69.60%,,83.90%,1,1,1,0,1110,MDA1+T2,IVM+ALB,PZQ,lf+onch+schist ,,,,,,,,,,,,0
Gambia,AFR,"1,977,590",741.2,,0.0,0.0,0.1,27.0,98.3,355.6,92.8,27.5,146.4,0,22285.84399,,,62.28%,83.31%,83.31%,15.22%,15.22%,65.98%,65.98%,,,,65.07%,1.07%,29.23%,6.22%,1.92%,6.29%,,,,,,,31.23%,,40.00%,,29.43%,,85.9%,,38.16%,,48.59%,,47.18%,,86.99%,,70.92%,,90.67%,,84.83%,,69.60%,,83.90%,0,1,1,0,0110,MDA3+T2,IVM,PZQ,onch+schist,,,,,,,,,,,,0
Georgia,EUR,"3,717,100",0.0,0.0,0.0,0.0,0.0,0.5,2.7,33.1,0.0,0.0,0.0,0,,,,66.49%,,53.02%,,FALSE,,63.17%,,,,71.92%,0.00%,0.00%,0.00%,1.48%,4.56%,0.76%,0.90%,1.88%,2.13%,0.00%,,37.13%,,51.44%,,37.15%,,90.6%,,41.44%,,46.92%,,59.76%,,76.14%,,43.62%,,92.16%,,88.66%,,84.80%,,78.08%,0,0,0,0,0000,no action required,,,none,,,,,,,,,,,,
Germany,EUR,"81,686,611",0.0,0.0,0.0,0.0,0.0,0.0,0.0,0.0,0.0,0.0,0.0,0.00E+00,,,,66.49%,,53.02%,0.00%,0.00%,0.00%,0.00%,,,,71.92%,0.00%,0.00%,0.00%,0.00%,0.00%,0.00%,0.00%,0.00%,0.00%,0.00%,,37.13%,,51.44%,,37.15%,,90.6%,,41.44%,,46.92%,,59.76%,,76.14%,,43.62%,,92.16%,,88.66%,,84.80%,,78.08%,0,0,0,0,0000,no action required,,,none,,,,,,,,,,,,
Ghana,AFR,"27,582,821",1757.4,14566.1,0.0,0.0,0.3,570.4,1878.9,7954.7,411.2,91.7,574.3,4.89E+02,"59,929","691,799",49.37%,49.37%,21.35%,21.35%,,76.05%,16.14%,16.14%,"8,066,348.00","4,403,121.00",54.59%,54.59%,0.20%,3.29%,0.71%,0.97%,3.16%,7.40%,9.26%,3.49%,4.15%,0.02%,,31.23%,,40.00%,39.46%,39.46%,,85.9%,,38.16%,,48.59%,,47.18%,,86.99%,,70.92%,,90.67%,,84.83%,,69.60%,85.58%,85.58%,1,1,1,0,1110,MDA1+T2,IVM+ALB,PZQ,lf+onch+schist ,,0.8672352267,3271.32,,,,,,,,,0.002911672116
Greece,EUR,"10,820,883",0.0,0.0,0.0,0.0,0.0,0.0,0.0,0.0,0.0,0.0,0.0,0,,,,66.49%,,53.02%,,FALSE,,63.17%,,,,71.92%,0.00%,0.00%,0.00%,0.00%,0.00%,0.00%,0.00%,0.00%,0.00%,0.00%,,37.13%,,51.44%,,37.15%,,90.6%,,41.44%,,46.92%,,59.76%,,76.14%,,43.62%,,92.16%,,88.66%,,84.80%,,78.08%,0,0,0,0,0000,no action required,,,none,,,,,,,,,,,,
Greenland,EUR,56114,0.0,0.0,0.0,0.0,0.0,0.0,0.0,0.0,0.0,0.0,0.0,0,,,,66.49%,,53.02%,,FALSE,,63.17%,,,,71.92%,0.00%,0.00%,0.00%,0.00%,0.00%,0.00%,0.00%,0.00%,0.00%,0.00%,,37.13%,,51.44%,,37.15%,,90.6%,,41.44%,,46.92%,,59.76%,,76.14%,,43.62%,,92.16%,,88.66%,,84.80%,,78.08%,0,0,0,0,0000,no action required,,,none,,,,,,,,,,,,
Grenada,AMR,"106,823",0.0,0.0,0.0,0.0,0.0,0.2,0.5,3.7,0.1,0.2,0.9,0,,,,64.51%,,0.25%,,56.88%,,58.26%,,,,75.74%,0.00%,0.00%,0.00%,1.64%,5.35%,0.81%,1.01%,3.15%,3.73%,0.00%,,25.90%,,34.65%,,75.75%,,92.0%,,39.45%,,60.00%,,79.60%,,86.90%,,17.20%,,98.62%,,76.90%,,100.00%,,37.34%,0,0,0,0,0000,no action required,,,none,,,,,,,,,,,,
Guam,WPR,"161,797",0.0,0.0,0.4,3.6,14.7,0.3,1.2,8.3,0.3,0.3,1.4,0.00E+00,,,,53.23%,,78.35%,,35.94%,,53.47%,,,,71.92%,0.00%,0.00%,0.00%,2.16%,6.85%,1.14%,1.39%,1.08%,1.25%,0.00%,,50.00%,,66.20%,,37.15%,,94.9%,,35.72%,,41.55%,,65.10%,,57.69%,,31.45%,,96.93%,,93.05%,,84.80%,,78.08%,0,0,1,0,0010,T2,PZQ,PZQ,schist only,,,0.0,,,,,,,,,
Guatemala,AMR,"16,252,429",0.0,0.0,39.7,84.8,1212.0,140.9,379.0,2846.7,824.2,311.3,2340.9,0.00E+00,,,,64.51%,,0.25%,37.62%,37.62%,27.95%,27.95%, , ,,75.74%,0.00%,0.00%,0.00%,2.74%,8.73%,2.87%,3.50%,12.92%,14.98%,0.00%,,25.90%,,34.65%,,75.75%,,92.0%,,39.45%,,60.00%,,79.60%,,86.90%,,17.20%,,98.62%,,76.90%,,100.00%,37.34%,37.34%,0,1,1,0,0110,MDA3+T2,IVM,PZQ,onch+schist,,,0.0,,,,,,,,,0
Guinea,AFR,"12,091,533",16361.2,14603.4,25.1,149.5,486.1,392.3,1236.6,4699.3,5507.0,1306.1,7626.4,2625.4,"487,262","5,588,471",76.35%,76.35%,42.74%,42.74%,,76.05%,99.49%,99.49%,"6,930,788.00","5,007,554.00",72.25%,72.25%,4.20%,9.95%,1.19%,2.87%,9.52%,6.11%,7.81%,13.21%,16.07%,0.32%,,31.23%,,40.00%,,29.43%,,85.9%,,38.16%,,48.59%,,47.18%,,86.99%,,70.92%,,90.67%,,84.83%,,69.60%,,83.90%,1,1,1,0,1110,MDA1+T2,IVM+ALB,PZQ,lf+onch+schist ,,198.9455971,8471.722,,,,,,,,,0.4259610455
Guinea-Bissau,AFR,"1,770,526",5523.1,1980.7,0.1,0.4,0.9,151.3,443.4,1706.6,90.0,12.6,106.4,3.2,"158,512","831,768",73.50%,73.50%, , ,100.00%,100.00%,49.41%,49.41%,"554,035.00","429,437",77.51%,77.51%,8.73%,7.04%,0.44%,2.19%,7.19%,20.20%,25.52%,5.47%,6.59%,0.00%,,31.23%,,40.00%,,29.43%,,85.9%,,38.16%,,48.59%,,47.18%,,86.99%,,70.92%,,90.67%,,84.83%,,69.60%,,83.90%,1,0,1,0,1010,MDA1/2+T2,IVM+ALB or DEC +ALB,PZQ,lf+schist ,,133.1218707,,,,,,,,,,
Guyana,AMR,"768,514",2299.8,0.0,0.1,0.4,1.4,1.1,3.4,16.5,4.5,6.0,19.2,0,"62,99","437,965",60.89%,60.89%,,0.25%,68.96%,68.96%,55.39%,55.39%,,,,75.74%,8.64%,0.00%,0.00%,1.84%,5.97%,0.78%,0.96%,7.66%,9.02%,0.00%,,25.90%,,34.65%,,75.75%,,92.0%,,39.45%,,60.00%,,79.60%,,86.90%,,17.20%,,98.62%,,76.90%,,100.00%,,37.34%,1,0,0,0,1000,MDA1/2,IVM+ALB or DEC+ALB,,lf only,53.16251136,170.2067761,,,,,,,,,,
Haiti,AMR,"10,711,061",25061.4,0.0,1.4,9.0,52.5,197.2,561.9,2790.8,264.7,128.8,577.3,0,"541,57","2,838,735",50.91%,50.91%,,0.25%,11.79%,11.79%,24.16%,24.16%,,,,75.74%,4.68%,0.00%,0.00%,2.21%,7.34%,6.85%,8.72%,12.80%,15.47%,0.00%,9.20%,9.20%,11.40%,11.40%,75.75%,75.75%,,92.0%,45.60%,45.60%,,60.00%,79.60%,79.60%,92.00%,92.00%,,17.20%,97.64%,97.64%,,76.90%,100.00%,100.00%,,37.34%,1,0,0,0,1000,MDA1/2,IVM+ALB or DEC+ALB,,lf only,72.2237673,735.8189181,,,,,,,,,,
Honduras,AMR,"8,960,829",0.0,0.0,24.1,138.2,1010.2,26.0,79.6,436.8,378.4,636.4,2693.1,0,,,,64.51%,,0.25%,57.28%,57.28%,54.90%,54.90%,,,,75.74%,0.00%,0.00%,0.00%,2.97%,9.41%,1.27%,1.55%,23.53%,27.20%,0.00%,,25.90%,,34.65%,,75.75%,,92.0%,,39.45%,,60.00%,,79.60%,,86.90%,,17.20%,,98.62%,,76.90%,,100.00%,,37.34%,0,0,0,0,0000,no action required,,,none,,,,,,,,,,,,
Hungary,EUR,"9,843,028",0.0,0.0,0.0,0.0,0.0,0.0,0.0,0.0,0.0,0.0,0.0,0,,,,66.49%,,53.02%,,FALSE,,63.17%,,,,71.92%,0.00%,0.00%,0.00%,0.00%,0.00%,0.00%,0.00%,0.00%,0.00%,0.00%,,37.13%,,51.44%,,37.15%,,90.6%,,41.44%,,46.92%,,59.76%,,76.14%,,43.62%,,92.16%,,88.66%,,84.80%,,78.08%,0,0,0,0,0000,no action required,,,none,,,,,,,,,,,,
Iceland,EUR,"330,815",0.0,0.0,0.0,0.0,0.0,0.0,0.0,0.0,0.0,0.0,0.0,0,,,,66.49%,,53.02%,,FALSE,,63.17%,,,,71.92%,0.00%,0.00%,0.00%,0.00%,0.00%,0.00%,0.00%,0.00%,0.00%,0.00%,,37.13%,,51.44%,,37.15%,,90.6%,,41.44%,,46.92%,,59.76%,,76.14%,,43.62%,,92.16%,,88.66%,,84.80%,,78.08%,0,0,0,0,0000,no action required,,,none,,,,,,,,,,,,
India,SEA,"1,309,053,980",96265.9,0.0,845.4,6575.4,22957.9,6711.7,25830.7,116914.4,24186.4,47118.7,144406.6,0,"14,814,234","172,239,772",41.10%,41.10%,,28.06%,100.00%,100.00%,100.00%,100.00%,,,,71.92%,1.09%,0.00%,0.00%,2.52%,8.37%,2.09%,2.64%,9.40%,11.41%,0.00%,37.30%,37.30%,44.63%,44.63%,14.00%,14.00%,,94.9%,,53.94%,,37.87%,,59.76%,,71.33%,,20.50%,66.00%,66.00%,,100.00%,,84.80%,,78.08%,1,1,0,0,1100,MDA1,IVM+ALB,,lf+onch,,64.28441543,,,,,,,,,,0
Indonesia,SEA,"258,162,113",169889.7,186.3,134.8,1100.3,7468.5,654.9,3004.3,19126.5,5441.7,11174.9,34237.8,0,"11,298,547","39,726,828",78.22%,78.22%,28.06%,28.06%,115.70%,115.70%,102.12%,102.12%,,,,71.92%,4.50%,0.00%,0.00%,4.34%,14.22%,2.12%,2.64%,13.41%,15.79%,0.00%,,47.82%,72.00%,72.00%,,14.00%,,94.9%,66.70%,66.70%,,37.87%,,59.76%,,71.33%,,20.50%,,83.00%,,100.00%,,84.80%,,78.08%,1,0,1,0,1010,MDA1/2+T2,IVM+ALB or DEC +ALB,PZQ,lf+schist ,,939.7332994,67.615,,,,,,,,,
Iran,EMR,"79,360,487",0.0,27.4,0.0,0.0,0.1,30.8,59.0,494.3,42.4,61.5,244.9,0,,,,14.95%,,65.90%,,97.54%,,41.45%,,,,45.86%,0.00%,0.00%,0.00%,1.06%,3.40%,0.28%,0.35%,1.89%,2.20%,0.00%,,37.13%,,79.35%,,37.15%,,90.6%,,41.44%,,46.92%,,59.76%,,76.14%,,43.62%,,95.50%,,100.00%,,84.80%,,78.08%,0,0,0,0,0000,no action required,,,none,,,,,,,,,,,,
Iraq,EMR,"36,115,649",0.0,6125.3,0.0,0.3,1.8,50.4,194.4,577.0,30.3,23.2,61.5,0,,,,14.95%,,65.90%,,97.54%,,41.45%,,,,45.86%,0.00%,1.88%,0.13%,1.29%,4.19%,0.75%,0.94%,3.16%,3.76%,0.00%,,37.13%,,79.35%,,37.15%,,90.6%,,41.44%,,46.92%,,59.76%,,76.14%,,43.62%,95.50%,95.50%,,100.00%,,84.80%,,78.08%,0,0,0,0,0000,no action required,,,none,,,,,,,,,,,,
Ireland,EUR,"4,676,835",0.0,0.0,0.0,0.0,0.0,0.0,0.0,0.0,0.0,0.0,0.0,0,,,,66.49%,,53.02%,,FALSE,,63.17%,,,,71.92%,0.00%,0.00%,0.00%,0.00%,0.00%,0.00%,0.00%,0.00%,0.00%,0.00%,,37.13%,,51.44%,,37.15%,,90.6%,,41.44%,,46.92%,,59.76%,,76.14%,,43.62%,,92.16%,,88.66%,,84.80%,,78.08%,0,0,0,0,0000,no action required,,,none,,,,,,,,,,,,
Israel,EUR,"8,380,100",0.0,0.0,0.0,0.0,0.0,0.0,0.0,0.0,0.0,0.0,0.0,0,,,,66.49%,,53.02%,,FALSE,,63.17%,,,,71.92%,0.00%,0.00%,0.00%,0.00%,0.00%,0.00%,0.00%,0.00%,0.00%,0.00%,,37.13%,,51.44%,,37.15%,,90.6%,,41.44%,,46.92%,,59.76%,,76.14%,,43.62%,,92.16%,,88.66%,,84.80%,,78.08%,0,0,0,0,0000,no action required,,,none,,,,,,,,,,,,
Italy,EUR,"60,730,582",0.0,0.0,0.0,0.0,0.0,0.0,0.0,0.0,0.0,0.0,0.0,0,,,,66.49%,,53.02%,,FALSE,,63.17%,,,,71.92%,0.00%,0.00%,0.00%,0.00%,0.00%,0.00%,0.00%,0.00%,0.00%,0.00%,,37.13%,,51.44%,,37.15%,,90.6%,,41.44%,,46.92%,,59.76%,,76.14%,,43.62%,,92.16%,,88.66%,,84.80%,,78.08%,0,0,0,0,0000,no action required,,,none,,,,,,,,,,,,
Jamaica,AMR,"2,871,934",0.0,0.0,6.0,59.5,259.0,4.5,18.5,122.9,6.4,10.1,35.4,0,,,,64.51%,,0.25%,,56.88%,,58.26%,,,,75.74%,0.00%,0.00%,0.00%,1.44%,4.65%,1.38%,1.69%,1.22%,1.42%,0.00%,,25.90%,,34.65%,,75.75%,,92.0%,,39.45%,,60.00%,,79.60%,,86.90%,,17.20%,,98.62%,,76.90%,,100.00%,,37.34%,0,0,0,0,0000,no action required,,,none,,,,,,,,,,,,
Japan,WPR,"127,141,000",0.0,0.0,0.0,0.0,0.0,0.0,0.0,0.0,0.0,0.0,0.0,0,,,,53.23%,,78.35%,,35.94%,,53.47%,,,,71.92%,0.00%,0.00%,0.00%,0.00%,0.00%,0.00%,0.00%,0.00%,0.00%,0.00%,,50.00%,,66.20%,,37.15%,,94.9%,,35.72%,,41.55%,,65.10%,,57.69%,,31.45%,,96.93%,,93.05%,,84.80%,,78.08%,0,0,0,0,0000,no action required,,,none,,,,,,,,,,,,
Jordan,EMR,"9,159,302",0.0,122.2,0.1,0.8,5.2,7.1,16.4,103.7,18.5,33.8,118.3,0,,,,14.95%,,65.90%,,97.54%,,41.45%,,,,45.86%,0.00%,0.10%,0.01%,1.03%,3.32%,0.29%,0.36%,1.91%,2.24%,0.00%,,37.13%,,79.35%,,37.15%,,90.6%,,41.44%,,46.92%,,59.76%,,76.14%,,43.62%,,95.50%,,100.00%,,84.80%,,78.08%,0,0,0,0,0000,no action required,,,none,,,,,,,,,,,,
Kazakhstan,EUR,"17,544,126",0.0,0.0,0.0,0.0,0.0,4.1,28.3,164.2,21.7,40.8,127.6,0,,,,66.49%,,53.02%,,FALSE,,63.17%,,,,71.92%,0.00%,0.00%,0.00%,1.33%,4.13%,0.82%,0.98%,1.07%,1.23%,0.00%,,37.13%,,51.44%,,37.15%,,90.6%,,41.44%,,46.92%,,59.76%,,76.14%,,43.62%,,92.16%,,88.66%,,84.80%,,78.08%,0,1,1,0,0110,MDA3+T2,IVM,PZQ,onch+schist,,,0.0,,,,,,,,,0
Kenya,AFR,"47,236,259",618.2,58707.4,35.4,250.5,1201.2,642.2,2289.4,10316.7,1202.3,893.6,3227.0,0,"81,119","3,017,897",78.04%,78.04%,23.55%,23.55%,54.05%,54.05%,71.22%,71.22%, , ,,65.07%,0.17%,14.89%,2.94%,1.66%,5.57%,3.90%,4.99%,2.98%,3.66%,0.00%,51.85%,51.85%,53.70%,53.70%,,29.43%,,93%,,38.16%,,48.59%,,47.18%,,86.99%,,70.92%,75.80%,75.80%,85.50%,85.50%,,69.60%,,83.90%,1,0,1,0,1010,MDA1/2+T2,IVM+ALB or DEC +ALB,PZQ,lf+schist ,,0.3203385993,16463.57,,,,,,,,,
Kiribati,WPR,"112,407",0.0,0.0,3.6,40.5,110.4,0.4,1.3,5.6,0.8,0.3,1.3,0,241.6512, , , ,,78.35%,,35.94%,,53.47%,,,,71.92%,1.76%,0.00%,0.00%,4.69%,15.30%,1.26%,1.58%,17.70%,21.21%,0.00%,,50.00%,,66.20%,,37.15%,,94.9%,,35.72%,,41.55%,,65.10%,,57.69%,,31.45%,,96.93%,,93.05%,,84.80%,,78.08%,0,0,0,0,0000,no action required,,,none,,,,,,,,,,,,
Kuwait,EMR,"3,935,794",0.0,0.0,0.0,0.0,0.0,0.0,0.0,0.0,0.0,0.0,0.0,0,,,,14.95%,,65.90%,,97.54%,,41.45%,,,,45.86%,0.00%,0.00%,0.00%,0.00%,0.00%,0.00%,0.00%,0.00%,0.00%,0.00%,,37.13%,,79.35%,,37.15%,,90.6%,,41.44%,,46.92%,,59.76%,,76.14%,,43.62%,,95.50%,,100.00%,,84.80%,,78.08%,0,0,0,0,0000,no action required,,,none,,,,,,,,,,,,
Kyrgyzstan,EUR,"5,956,900",0.0,0.0,0.0,0.0,0.0,9.2,20.2,95.9,36.9,82.4,229.8,0,,,,66.49%,,53.02%,,FALSE,100.00%,100.00%,,,,71.92%,0.00%,0.00%,0.00%,1.76%,5.67%,1.07%,1.33%,3.78%,4.49%,0.00%,,37.13%,,51.44%,,37.15%,,90.6%,,41.44%,,46.92%,,59.76%,,76.14%,,43.62%,,92.16%,,88.66%,,84.80%,,78.08%,0,1,0,0,0100,MDA3,IVM,,onch only,,,,,,,,,,,,0
Lao People's Democratic Republic,WPR,"6,663,967",102.2,1011.9,41.7,89.8,864.8,101.6,314.9,1874.0,431.7,155.7,898.6,0,"3,72","130,099",86.85%,86.85%,80.40%,80.40%,1.95%,1.95%,94.63%,94.63%,,,,71.92%,0.06%,0.01%,0.00%,4.58%,14.93%,5.78%,7.22%,4.00%,4.74%,0.00%,,50.00%,,66.20%,,37.15%,,94.9%,33.30%,33.30%,27.90%,27.90%,,65.10%,36.00%,36.00%,17.60%,17.60%,,96.93%,,93.05%,,84.80%,,78.08%,1,0,1,0,1010,MDA1/2+T2,IVM+ALB or DEC +ALB,PZQ,lf+schist ,,0.02695628895,3257.648,,,,,,,,,
Latvia,EUR,"1,977,527",0.0,0.0,0.0,0.0,0.0,0.0,0.0,0.0,0.0,0.0,0.1,0,,,,66.49%,,53.02%,,FALSE,,63.17%,,,,71.92%,0.00%,0.00%,0.00%,0.00%,0.00%,0.00%,0.00%,0.00%,0.00%,0.00%,,37.13%,,51.44%,,37.15%,,90.6%,,41.44%,,46.92%,,59.76%,,76.14%,,43.62%,,92.16%,,88.66%,,84.80%,,78.08%,0,0,0,0,0000,no action required,,,none,,,,,,,,,,,,
Lebanon,EMR,"5,851,479",0.0,2.9,0.0,0.0,0.0,1.8,4.1,34.7,0.6,0.7,1.9,0,,,,14.95%,,65.90%,,97.54%,,41.45%,,,,45.86%,0.00%,0.00%,0.00%,0.95%,3.03%,0.36%,0.43%,1.70%,1.97%,0.00%,,37.13%,,79.35%,,37.15%,,90.6%,,41.44%,,46.92%,,59.76%,,76.14%,,43.62%,,95.50%,,100.00%,,84.80%,,78.08%,0,0,0,0,0000,no action required,,,none,,,,,,,,,,,,
Lesotho,AFR,"2,174,645",0.0,0.0,0.5,3.0,16.9,45.1,177.4,1030.5,6.4,4.9,16.4,0,,,,62.28%,,51.41%,78.92%,78.92%,81.03%,81.03%,,,,65.07%,0.00%,0.00%,0.00%,1.95%,6.36%,6.31%,7.87%,2.12%,2.51%,0.00%,,31.23%,,40.00%,,29.43%,,85.9%,,38.16%,,48.59%,,47.18%,,86.99%,,70.92%,,90.67%,,84.83%,,69.60%,,83.90%,0,1,1,0,0110,MDA3+T2,IVM,PZQ,onch+schist,,,0.0,,,,,,,,,0
Liberia,AFR,"4,499,621",17087.4,11160.1,1.2,7.7,36.4,182.3,622.2,2326.8,958.5,325.5,1694.9,51830.9,"491,446","2,002,850",84.03%,84.03%,15.48%,15.48%,100.00%,100.00%,94.22%,94.22%,"2,575,431.00","2,165,520.00",84.08%,84.08%,10.56%,27.71%,5.67%,4.38%,14.40%,9.66%,12.21%,19.54%,23.49%,18.72%,,31.23%,,40.00%,,29.43%,,85.9%,,38.16%,,48.59%,,47.18%,,86.99%,,70.92%,,90.67%,,84.83%,,69.60%,92.59%,92.59%,1,0,1,0,1010,MDA1/2+T2,IVM+ALB or DEC +ALB,PZQ,lf+schist ,,593.0678764,1711.59,,,,,,,,,
Libya,EMR,"6,234,955",0.0,9462.8,0.3,2.0,7.5,2.4,6.5,26.6,5.5,5.5,17.8,0,,,,14.95%,,65.90%,,97.54%,,41.45%,,,,45.86%,0.00%,20.19%,1.83%,0.84%,2.70%,0.36%,0.44%,0.68%,0.80%,0.00%,,37.13%,,79.35%,,37.15%,,90.6%,,41.44%,,46.92%,,59.76%,,76.14%,,43.62%,,95.50%,,100.00%,,84.80%,,78.08%,0,0,0,0,0000,no action required,,,none,,,,,,,,,,,,
Lithuania,EUR,"2,904,910",0.0,0.0,0.0,0.0,0.0,0.0,0.0,0.0,0.0,0.0,0.1,0,,,,66.49%,,53.02%,,FALSE,,63.17%,,,,71.92%,0.00%,0.00%,0.00%,0.00%,0.00%,0.00%,0.00%,0.00%,0.00%,0.00%,,37.13%,,51.44%,,37.15%,,90.6%,,41.44%,,46.92%,,59.76%,,76.14%,,43.62%,,92.16%,,88.66%,,84.80%,,78.08%,0,0,0,0,0000,no action required,,,none,,,,,,,,,,,,
Luxembourg,EUR,"569,604",0.0,0.0,0.0,0.0,0.0,0.0,0.0,0.0,0.0,0.0,0.0,0,,,,66.49%,,53.02%,,FALSE,,63.17%,,,,71.92%,0.00%,0.00%,0.00%,0.00%,0.00%,0.00%,0.00%,0.00%,0.00%,0.00%,,37.13%,,51.44%,,37.15%,,90.6%,,41.44%,,46.92%,,59.76%,,76.14%,,43.62%,,92.16%,,88.66%,,84.80%,,78.08%,0,1,0,0,0100,MDA3,IVM,,onch only,,,,,,,,,,,,0
Madagascar,AFR,"24,234,088",21820.6,21270.5,93.2,358.0,2446.7,2370.4,7132.7,35069.9,2985.3,1106.7,6538.8,0,"873,275",0,0,0.00%,46.87%,46.87%,100.00%,100.00%,45.27%,45.27%,,,,65.07%,3.42%,7.03%,1.65%,2.15%,7.08%,20.04%,25.36%,6.51%,7.85%,0.00%,,31.23%,,40.00%,,29.43%,,85.9%,,38.16%,,48.59%,,47.18%,,86.99%,,70.92%,,90.67%,,84.83%,,69.60%,,83.90%,1,1,1,0,1110,MDA1+T2,IVM+ALB,PZQ,lf+onch+schist ,,0,14335.415,,,,,,,,,0
Malawi,AFR,"17,573,607",0.0,11238.7,0.0,0.1,0.2,204.4,657.9,2701.5,276.6,67.7,382.7,7519.1,2532.99, , , ,44.50%,44.50%,91.51%,91.51%,74.96%,74.96%,"2,284,986.00","1,955,721.00",85.59%,85.59%,1.23%,4.27%,1.06%,2.21%,7.26%,2.87%,3.63%,3.95%,4.75%,0.64%,,31.23%,,40.00%,,29.43%,,97.40%,,38.16%,,48.59%,,47.18%,92.30%,92.30%,98.20%,98.20%,,90.67%,,84.83%,,69.60%,,83.90%,0,0,1,0,0010,T2,,PZQ,schist only,,,8597.684,,,,,,,,,
Malaysia,WPR,"30,723,155",44.8,0.0,148.6,1386.8,10539.6,28.0,137.8,806.9,197.1,589.0,2485.5,0,615,"27,344",89.24%,89.24%,,78.35%,,35.94%,,53.47%,,,,71.92%,0.00%,0.00%,0.00%,4.07%,12.88%,0.61%,0.74%,4.31%,4.95%,0.00%,,50.00%,,66.20%,,37.15%,,94.9%,,35.72%,,41.55%,,65.10%,,57.69%,,31.45%,97.40%,97.40%,,93.05%,,84.80%,,78.08%,1,0,0,0,1000,MDA1/2,IVM+ALB or DEC+ALB,,lf only,0.001383602601,0.0004753915457,,,,,,,,,,
Maldives,SEA,"409,163",0.0,0.0,0.0,0.0,0.0,0.1,0.7,6.4,0.2,0.1,0.3,0,,,,72.21%,,28.06%,,93.73%,,89.43%,,,,71.92%,0.00%,0.00%,0.00%,4.76%,15.22%,0.95%,1.17%,5.35%,6.28%,0.00%,,47.82%,,58.32%,,14.00%,,94.9%,,53.94%,,37.87%,,59.76%,,71.33%,,20.50%,,83.00%,,100.00%,,84.80%,,78.08%,0,1,1,0,0110,MDA3+T2,IVM,PZQ,onch+schist,,,0.0,,,,,,,,,0
Mali,AFR,"17,467,905",63957.0,16187.3,0.3,0.4,6.5,728.5,2206.3,7563.1,2056.5,96.4,2167.5,92,"1,275,49","1,731,545",73.91%,73.91%,55.99%,55.99%,,76.05%,,68.22%,"5,737,454.00","4,474,931.00",78.00%,78.00%,6.42%,4.39%,1.01%,2.97%,9.86%,6.58%,8.40%,20.39%,24.81%,0.00%,,31.23%,,40.00%,,29.43%,,97.60%,,38.16%,,48.59%,,47.18%,83.80%,83.80%,37.15%,37.15%,,90.67%,,84.83%,,69.60%,98.00%,98.00%,1,0,1,0,1010,MDA1/2+T2,IVM+ALB or DEC +ALB,PZQ,lf+schist ,,1140.920284,19503.897,,,,,,,,,
Malta,EUR,"431,874",0.0,0.0,0.0,0.0,0.0,0.0,0.0,0.0,0.0,0.0,0.0,0,,,,66.49%,,53.02%,,FALSE,,63.17%,,,,71.92%,0.00%,0.00%,0.00%,0.00%,0.00%,0.00%,0.00%,0.00%,0.00%,0.00%,,37.13%,,51.44%,,37.15%,,90.6%,,41.44%,,46.92%,,59.76%,,76.14%,,43.62%,,92.16%,,88.66%,,84.80%,,78.08%,0,0,0,0,0000,no action required,,,none,,,,,,,,,,,,
Marshall Islands,WPR,"52,994",7.6,0.0,0.8,7.6,23.4,0.4,1.5,7.1,0.2,0.2,0.5,0,138.46831,,,53.23%,,78.35%,,35.94%,,53.47%,,,,71.92%,1.90%,0.00%,0.00%,3.76%,12.38%,2.56%,3.23%,4.87%,5.84%,0.00%,,50.00%,,66.20%,,37.15%,,94.9%,,35.72%,,41.55%,,65.10%,,57.69%,,31.45%,,96.93%,,93.05%,,84.80%,,78.08%,0,1,0,0,0100,MDA3,IVM,,onch only,,,,,,,,,,,,0
Mauritania,AFR,"4,182,341",0.0,2006.5,0.0,0.3,0.9,81.8,212.5,864.6,29.0,8.4,39.8,0,,,,62.28%,32.01%,32.01%,,76.05%,,68.22%,,,,65.07%,0.00%,5.08%,0.62%,1.76%,5.86%,7.40%,9.50%,4.12%,5.04%,0.00%,,31.23%,,40.00%,,29.43%,,89.20%,,38.16%,,48.59%,,47.18%,,86.99%,,70.92%,,90.67%,,84.83%,,69.60%,,83.90%,0,0,1,0,0010,T2,,PZQ,schist only,,,801.872,,,,,,,,,
Mauritius,AFR,"1,262,605",0.0,3165.2,0.0,0.0,0.0,0.3,1.6,17.0,0.3,0.1,0.9,0.00E+00,,,,62.28%,,51.41%,,76.05%,,68.22%,,,,65.07%,0.00%,29.39%,4.97%,4.23%,13.48%,0.59%,0.71%,5.43%,6.22%,0.00%,,31.23%,,40.00%,,29.43%,,85.9%,,38.16%,,48.59%,,47.18%,,86.99%,,70.92%,,90.67%,,84.83%,,69.60%,,83.90%,0,0,1,0,0010,T2,,PZQ,schist only,,,2503.259,,,,,,,,,
Mexico,AMR,"125,890,949",0.0,0.0,138.5,990.1,4354.1,78.8,229.7,1974.5,1648.3,3495.7,10383.0,0.00E+00,,,,64.51%,,0.25%,76.60%,76.60%,62.84%,62.84%, , ,,75.74%,0.00%,0.00%,0.00%,2.39%,7.60%,0.83%,1.01%,15.82%,18.17%,0.00%,,25.90%,,34.65%,,75.75%,,92.0%,,39.45%,,60.00%,,79.60%,,86.90%,,17.20%,,98.62%,,76.90%,,100.00%,,37.34%,0,0,0,0,0000,no action required,,,none,,,,,,,,,,,,
Micronesia (Federated States of),WPR,"104,433",134.5,0.0,,,,0.9,3.9,18.1,2.3,4.3,13.9,0,"3,37","26,208",50.65%,50.65%,,78.35%,24.76%,24.76%,24.76%,24.76%,,,,71.92%,3.26%,0.00%,0.00%,1.42%,4.58%,,,,,,,50.00%,,66.20%,,37.15%,,94.9%,,35.72%,,41.55%,,65.10%,,57.69%,,31.45%,,96.93%,,93.05%,,84.80%,,78.08%,1,0,0,0,1000,MDA1/2,IVM+ALB or DEC+ALB,,lf only,2.214924145,1.017795434,,,,,,,,,,
Monaco,EUR,"38,307",,,,,,,,,,,,,,,,66.49%,,53.02%,,FALSE,,63.17%,,,,71.92%,,,,,,,,,,,,37.13%,,51.44%,,37.15%,,90.6%,,41.44%,,46.92%,,59.76%,,76.14%,,43.62%,,92.16%,,88.66%,,84.80%,,78.08%,0,0,0,0,0000,no action required,,,none,,,,,,,,,,,,
Mongolia,WPR,"2,976,877",0.0,0.0,0.0,0.0,0.0,8.0,23.1,175.2,0.0,0.0,0.0,0,,,,53.23%,,78.35%,,35.94%,,53.47%,,,,71.92%,0.00%,0.00%,0.00%,1.43%,4.51%,2.76%,3.36%,3.27%,3.80%,0.00%,,50.00%,,66.20%,,37.15%,,94.9%,,35.72%,,41.55%,,65.10%,,57.69%,,31.45%,,96.93%,,93.05%,,84.80%,,78.08%,0,0,0,0,0000,no action required,,,none,,,,,,,,,,,,
Montenegro,EUR,"622,159",0.0,0.0,0.0,0.0,0.0,0.0,0.0,0.0,0.0,0.0,0.1,0,,,,66.49%,,53.02%,,FALSE,,63.17%,,,,71.92%,0.00%,0.00%,0.00%,0.00%,0.00%,0.00%,0.00%,0.00%,0.00%,0.00%,,37.13%,,51.44%,,37.15%,,90.6%,,41.44%,,46.92%,,59.76%,,76.14%,,43.62%,,92.16%,,88.66%,,84.80%,,78.08%,0,0,0,0,0000,no action required,,,none,,,,,,,,,,,,
Montserrat,AMR,"5,012",,,,,,,,,,,,,,,,64.51%,,0.25%,,56.88%,,58.26%,,,,75.74%,,,,,,,,,,,,25.90%,,34.65%,,75.75%,,92.0%,,39.45%,,60.00%,,79.60%,,86.90%,,17.20%,,98.62%,,76.90%,,100.00%,,37.34%,0,0,0,0,0000,no action required,,,none,,,,,,,,,,,,
Morocco,EMR,"34,803,322",0.0,1740.7,2.0,14.6,54.4,24.6,64.5,290.8,85.5,179.4,505.9,0,,,,14.95%,,65.90%,,97.54%,,41.45%,,,,45.86%,0.00%,0.36%,0.02%,1.34%,4.37%,0.56%,0.70%,5.03%,5.94%,0.00%,,37.13%,,79.35%,,37.15%,,90.6%,,41.44%,,46.92%,,59.76%,,76.14%,,43.62%,,95.50%,,100.00%,,84.80%,,78.08%,0,1,1,0,0110,MDA3+T2,IVM,PZQ,onch+schist,,,2579.234,,,,,,,,,0
Mozambique,AFR,"28,010,691",52723.1,10751.3,17.2,117.1,495.4,1315.7,4865.4,16643.6,2201.9,1478.7,5300.2,0,"1,729,39","15,799,350",79.95%,79.95%,18.36%,18.36%,85.50%,85.50%,88.43%,88.43%, ,,,65.07%,5.91%,1.33%,0.31%,2.27%,7.49%,8.88%,11.25%,12.30%,14.81%,0.00%,,31.23%,,40.00%,,29.43%,,85.9%,,38.16%,,48.59%,,47.18%,,86.99%,,70.92%,,90.67%,,84.83%,,69.60%,,83.90%,1,0,1,0,1010,MDA1/2+T2,IVM+ALB or DEC +ALB,PZQ,lf+schist ,,958.1733176,2013.105,,,,,,,,,
Myanmar,SEA,"52,403,669",66197.2,0.0,466.3,98.3,11513.8,185.5,448.6,4059.3,3103.0,926.5,13611.5,0,"1,56,912","31,937,968",93.89%,93.89%,,28.06%,97.85%,97.85%,97.83%,97.83%,,,,71.92%,2.06%,0.00%,0.00%,7.24%,23.58%,2.36%,2.93%,22.17%,26.14%,0.00%,,47.82%,,58.32%,,14.00%,,94.9%,,53.94%,,37.87%,,59.76%,,71.33%,,20.50%,,83.00%,,100.00%,,84.80%,,78.08%,1,1,0,0,1100,MDA1,IVM+ALB,,lf+onch,,205.9014343,,,,,,,,,,0
Namibia,AFR,"2,425,561",0.0,1309.5,0.0,0.0,0.0,80.0,293.7,1511.2,4.2,1.3,6.0,0,,,,62.28%, , ,,76.05%,,68.22%,,,,65.07%,0.00%,6.83%,0.38%,1.46%,4.81%,8.98%,11.34%,1.02%,1.23%,0.00%,,31.23%,,40.00%,,29.43%,,85.9%,,38.16%,,48.59%,,47.18%,,86.99%,,70.92%,,90.67%,,84.83%,,69.60%,,83.90%,0,0,1,0,0010,T2,PZQ,PZQ,schist only,,,,,,,,,,,,
Nauru,WPR,"12,475",,,,,,,,,,,,,,,,53.23%,,78.35%,,35.94%,,53.47%,,,,71.92%,,,,,,,,,,,,50.00%,,66.20%,,37.15%,,94.9%,,35.72%,,41.55%,,65.10%,,57.69%,,31.45%,,96.93%,,93.05%,,84.80%,,78.08%,0,0,0,0,0000,no action required,,,none,,,,,,,,,,,,
Nepal,SEA,"28,656,282",25369.5,0.0,62.8,539.7,3478.7,924.9,3719.7,19992.8,616.9,1458.4,5071.6,0,"586,174","7,870,784",70.23%,70.23%,,28.06%,85.44%,85.44%,44.99%,44.99%,,,,71.92%,2.02%,0.00%,0.00%,5.02%,16.51%,11.39%,14.30%,23.69%,28.20%,0.00%,,47.82%,,58.32%,,14.00%,,94.9%,27.73%,27.73%,,37.87%,,59.76%,,71.33%,,20.50%,,83.00%,,100.00%,,84.80%,,78.08%,1,0,0,0,1000,MDA1/2,IVM+ALB or DEC+ALB,,lf only,354.9825383,55.80436107,,,,,,,,,,
Netherlands,EUR,"16,939,923",0.0,0.0,0.0,0.0,0.0,0.0,0.0,0.0,0.0,0.0,0.0,0,,,,66.49%,,53.02%,,FALSE,,63.17%,,,,71.92%,0.00%,0.00%,0.00%,0.00%,0.00%,0.00%,0.00%,0.00%,0.00%,0.00%,,37.13%,,51.44%,,37.15%,,90.6%,,41.44%,,46.92%,,59.76%,,76.14%,,43.62%,,92.16%,,88.66%,,84.80%,,78.08%,0,0,0,0,0000,no action required,,,none,,,,,,,,,,,,
New Caledonia,WPR,"273,000",,,,,,,,,,,,,, , , ,,78.35%,,35.94%,,53.47%,,,,71.92%,0.00%,,,,,,,,,,,50.00%,,66.20%,,37.15%,,94.9%,,35.72%,,41.55%,,65.10%,,57.69%,,31.45%,,96.93%,,93.05%,,84.80%,,78.08%,1,0,0,0,1000,MDA1/2,IVM+ALB or DEC+ALB,,lf only,,,,,,,,,,,,
New Zealand,WPR,"4,595,700",0.0,0.0,0.0,0.0,0.0,0.0,0.0,0.0,0.1,0.1,0.5,0,,,,53.23%,,78.35%,,35.94%,,53.47%,,,,71.92%,0.00%,0.00%,0.00%,0.00%,0.00%,0.00%,0.00%,0.00%,0.00%,0.00%,,50.00%,,66.20%,,37.15%,,94.9%,,35.72%,,41.55%,,65.10%,,57.69%,,31.45%,,96.93%,,93.05%,,84.80%,,78.08%,0,0,0,0,0000,no action required,,,none,,,,,,,,,,,,
Nicaragua,AMR,"6,082,035",0.0,0.0,5.5,0.7,103.6,13.2,62.2,347.8,49.3,16.0,165.5,0,,,,64.51%,,0.25%,96.93%,96.93%,96.82%,96.82%,,,,75.74%,2.56%,0.00%,0.00%,2.86%,8.95%,2.51%,3.02%,9.08%,10.36%,0.00%,,25.90%,,34.65%,,75.75%,,92.0%,,39.45%,,60.00%,,79.60%,,86.90%,,17.20%,,98.62%,,76.90%,,100.00%,,37.34%,0,1,1,0,0110,MDA3+T2,IVM,PZQ,onch+schist,,,0.0,,,,,,,,,0
Niger,AFR,"19,896,965",15432.5,10064.1,0.1,0.8,1.6,590.5,1577.4,4891.8,1670.3,114.1,1824.2,50.7,"536,716","7,018,837",71.63%,71.63%,97.71%,97.71%,100.00%,100.00%,80.52%,80.52%, , ,,65.07%,8.66%,1.30%,0.33%,2.97%,9.82%,7.44%,9.51%,12.30%,14.99%,0.00%,,31.23%,,40.00%,,29.43%,,85.9%,,38.16%,,48.59%,,47.18%,,86.99%,,70.92%,,90.67%,,84.83%,,69.60%,,83.90%,1,1,1,0,1110,MDA1+T2,IVM+ALB,PZQ,lf+onch+schist ,,356.8434691,52573.798,,,,,,,,,0.00002643444204
Nigeria,AFR,"181,181,744",520929.4,238697.9,335.7,2499.2,12852.8,4190.0,14231.2,50734.7,98191.3,30817.1,164693.8,222961,"17,417,884","79,831,356",62.20%,62.20%,55.32%,55.32%,80.07%,80.07%,64.56%,64.56%,"49,900,711.00","40,013,199.00",80.19%,80.19%,,13.21%,3.40%,1.62%,5.29%,4.22%,5.30%,19.18%,22.96%,1.57%,,31.23%,,40.00%,,29.43%,,85.9%,,38.16%,100.00%,100.00%,,47.18%,,86.99%,90.48%,90.48%,,90.67%,100.00%,100.00%,,69.60%,,83.90%,1,0,1,0,1010,MDA1/2+T2,IVM+ALB or DEC +ALB,PZQ,lf+schist ,,0,216136.997,,,,,,,,,
Niue,WPR,,,,,,,,,,,,,,,,,53.23%,,78.35%,,35.94%,,53.47%,,,,71.92%,,,,,,,,,,,,50.00%,,66.20%,,37.15%,,94.9%,,35.72%,,41.55%,,65.10%,,57.69%,,31.45%,,96.93%,,93.05%,,84.80%,,78.08%,0,0,0,0,0000,no action required,,,none,,,,,,,,,,,,
Northern Mariana Islands,WPR,"54,816",0.0,0.0,0.1,0.9,4.3,0.0,0.3,2.3,0.0,0.1,0.3,0,,,,53.23%,,78.35%,,35.94%,,53.47%,,,,71.92%,0.00%,0.00%,0.00%,2.37%,7.56%,1.13%,1.37%,1.55%,1.77%,0.00%,,50.00%,,66.20%,,37.15%,,94.9%,,35.72%,,41.55%,,65.10%,,57.69%,,31.45%,,96.93%,,93.05%,,84.80%,,78.08%,0,0,0,0,0000,no action required,,,none,,,,,,,,,,,,
Norway,EUR,"5,188,607",0.0,0.0,0.0,0.0,0.0,0.0,0.0,0.0,0.0,0.0,0.0,0,,,,66.49%,,53.02%,,FALSE,,63.17%,,,,71.92%,0.00%,0.00%,0.00%,0.00%,0.00%,0.00%,0.00%,0.00%,0.00%,0.00%,,37.13%,,51.44%,,37.15%,,90.6%,,41.44%,,46.92%,,59.76%,,76.14%,,43.62%,,92.16%,,88.66%,,84.80%,,78.08%,0,0,0,0,0000,no action required,,,none,,,,,,,,,,,,
Oman,EMR,"4,199,810",0.0,171.3,0.0,0.0,0.0,2.6,3.0,26.0,2.3,1.0,4.1,0,,,,14.95%,,65.90%,,97.54%,,41.45%,,,,45.86%,0.00%,0.51%,0.03%,0.85%,2.82%,0.36%,0.46%,1.52%,1.85%,0.00%,,37.13%,,79.35%,,37.15%,,90.6%,,41.44%,,46.92%,,59.76%,,76.14%,,43.62%,,95.50%,,100.00%,,84.80%,,78.08%,0,0,0,0,0000,no action required,,,none,,,,,,,,,,,,
Pakistan,EMR,"189,380,513",0.0,0.0,21.4,142.4,422.3,920.7,2703.5,11334.8,11432.0,32472.2,72806.2,0,,,,14.95%,,65.90%,95.07%,95.07%,,41.45%,,,,45.86%,0.00%,0.00%,0.00%,3.47%,11.70%,1.74%,2.25%,15.86%,19.44%,0.00%,,37.13%,,79.35%,,37.15%,,90.6%,,41.44%,,46.92%,,59.76%,,76.14%,,43.62%,,95.50%,100.00%,100.00%,,84.80%,,78.08%,0,0,0,0,0000,no action required,,,none,,,,,,,,,,,,
Palau,WPR,"21,288",,,,,,,,,,,,,, , , ,,78.35%,,35.94%,,53.47%,,,,71.92%,,,,,,,,,,,,50.00%,,66.20%,,37.15%,,94.9%,,35.72%,,41.55%,,65.10%,,57.69%,,31.45%,,96.93%,,93.05%,,84.80%,,78.08%,0,0,0,0,0000,no action required,,,none,,,,,,,,,,,,
Panama,AMR,"3,969,249",0.0,0.0,0.0,0.0,0.0,3.8,11.2,57.7,23.3,18.9,82.1,0,,,,64.51%,,0.25%,,56.88%,,58.26%,,,,75.74%,0.00%,0.00%,0.00%,2.03%,6.31%,1.11%,1.33%,6.63%,7.52%,0.00%,,25.90%,,34.65%,,75.75%,,92.0%,,39.45%,,60.00%,,79.60%,,86.90%,,17.20%,,98.62%,,76.90%,,100.00%,,37.34%,0,0,0,0,0000,no action required,,,none,,,,,,,,,,,,
Papua New Guinea,WPR,"7,919,825",17250.5,0.0,0.0,0.0,0.0,537.9,1739.6,9177.2,1268.2,709.4,2584.0,0,"912,149",0,0,0.00%,,78.35%,7.95%,7.95%,,53.47%,,,,71.92%,10.08%,0.00%,0.00%,4.36%,14.45%,11.79%,15.05%,12.36%,15.01%,0.00%,50.00%,50.00%,66.20%,66.20%,,37.15%,,94.9%,,35.72%,,41.55%,,65.10%,,57.69%,,31.45%,,96.93%,,93.05%,,84.80%,,78.08%,1,0,0,0,1000,MDA1/2,IVM+ALB or DEC+ALB,,lf only,0,0,,,,,,,,,,
Paraguay,AMR,"6,639,119",0.0,0.0,0.2,1.1,6.7,8.0,29.6,162.5,11.2,23.6,82.8,0,,,,64.51%,,0.25%,,56.88%,63.69%,63.69%,,,,75.74%,0.00%,0.00%,0.00%,1.82%,5.68%,0.68%,0.81%,5.00%,5.69%,0.00%,,25.90%,,34.65%,,75.75%,,92.0%,,39.45%,,60.00%,,79.60%,,86.90%,,17.20%,,98.62%,,76.90%,,100.00%,,37.34%,0,0,0,0,0000,no action required,,,none,,,,,,,,,,,,
Peru,AMR,"31,376,671",0.0,0.0,30.1,115.6,786.6,52.1,115.3,577.2,199.3,171.8,788.9,0,,,,64.51%,,0.25%,100.00%,100.00%,,58.26%,,,,75.74%,0.00%,0.00%,0.00%,1.74%,5.52%,0.81%,0.99%,2.60%,3.02%,0.00%,,25.90%,,34.65%,,75.75%,,92.0%,,39.45%,,60.00%,,79.60%,,86.90%,,17.20%,99.60%,99.60%,,76.90%,,100.00%,,37.34%,0,1,0,0,0100,MDA3,IVM,,onch only,,,,,,,,,,,,0
Philippines,WPR,"101,716,359",10908.1,13814.2,872.6,5942.9,33596.5,779.9,2506.1,14618.8,4905.2,6303.2,23602.1,0,"232,639","5,522,452",78.88%,78.88%,64.82%,64.82%,80.77%,80.77%,72.99%,72.99%,,,,71.92%,0.23%,0.60%,0.08%,7.09%,23.20%,3.18%,4.00%,14.61%,17.45%,0.00%,,50.00%,,66.20%,,37.15%,,90.10%,31.50%,31.50%,,41.55%,65.10%,65.10%,,57.69%,,31.45%,,96.93%,,93.05%,,84.80%,,78.08%,1,0,1,0,1010,MDA1/2+T2,IVM+ALB or DEC +ALB,PZQ,lf+schist ,,10.50758743,19395.263,,,,,,,,,
Poland,EUR,"37,986,412",0.0,0.0,0.0,0.0,0.0,0.0,0.0,0.0,0.3,0.2,1.4,0,,,,66.49%,,53.02%,,FALSE,,63.17%,,,,71.92%,0.00%,0.00%,0.00%,0.00%,0.00%,0.00%,0.00%,0.00%,0.00%,0.00%,,37.13%,,51.44%,,37.15%,,90.6%,,41.44%,,46.92%,,59.76%,,76.14%,,43.62%,,92.16%,,88.66%,,84.80%,,78.08%,0,0,0,0,0000,no action required,,,none,,,,,,,,,,,,
Portugal,EUR,"10,358,076",0.0,0.0,0.0,0.0,0.0,0.0,0.0,0.0,0.0,0.0,0.0,0,,,,66.49%,,53.02%,,FALSE,,63.17%,,,,71.92%,0.00%,0.00%,0.00%,0.00%,0.00%,0.00%,0.00%,0.00%,0.00%,0.00%,,37.13%,,51.44%,,37.15%,,90.6%,,41.44%,,46.92%,,59.76%,,76.14%,,43.62%,,92.16%,,88.66%,,84.80%,,78.08%,0,0,0,0,0000,no action required,,,none,,,,,,,,,,,,
Puerto Rico,AMR,"3,473,181",0.0,121.3,0.0,0.0,0.0,0.0,0.0,0.0,0.0,0.0,0.0,0,,,,64.51%,,0.25%,,56.88%,,58.26%,,,,75.74%,0.00%,0.54%,0.02%,0.00%,0.00%,0.00%,0.00%,0.00%,0.00%,0.00%,,25.90%,,34.65%,,75.75%,,92.0%,,39.45%,,60.00%,,79.60%,,86.90%,,17.20%,,98.62%,,76.90%,,100.00%,,37.34%,0,0,0,0,0000,no action required,,,none,,,,,,,,,,,,
Qatar,EMR,"2,481,539",0.0,0.0,0.0,0.0,0.0,0.3,0.5,12.7,0.0,0.0,0.0,0,,,,14.95%,,65.90%,,97.54%,,41.45%,,,,45.86%,0.00%,0.00%,0.00%,0.88%,2.82%,0.28%,0.34%,0.93%,1.10%,0.00%,,37.13%,,79.35%,,37.15%,,90.6%,,41.44%,,46.92%,,59.76%,,76.14%,,43.62%,,95.50%,,100.00%,,84.80%,,78.08%,0,0,0,0,0000,no action required,,,none,,,,,,,,,,,,
Republic of Korea,WPR,"51,014,947",0.0,0.0,,,,20.3,33.5,506.7,48.4,0.0,0.0,0,,,,53.23%,,78.35%,,35.94%,,53.47%,,,,71.92%,,0.00%,0.00%,0.95%,15.99%,,,,,,,50.00%,,66.20%,,37.15%,,94.9%,,35.72%,,41.55%,,65.10%,,57.69%,,31.45%,,96.93%,,93.05%,,84.80%,,78.08%,0,0,0,0,0000,no action required,,,none,,,,,,,,,,,,
Republic of Moldova,EUR,"3,554,108",0.0,0.0,,,,0.0,0.0,0.0,0.1,0.1,0.4,0,,,,66.49%,,53.02%,,FALSE,,63.17%,,,,71.92%,,0.00%,0.00%,0.00%,0.00%,,,,,,,37.13%,,51.44%,,37.15%,,90.6%,,41.44%,,46.92%,,59.76%,,76.14%,,43.62%,,92.16%,,88.66%,,84.80%,,78.08%,0,0,0,0,0000,no action required,,,none,,,,,,,,,,,,
Romania,EUR,"19,815,481",0.0,0.0,0.0,0.0,0.0,0.0,0.0,0.0,0.5,0.3,1.9,0,,,,66.49%,,53.02%,,FALSE,,63.17%,,,,71.92%,0.00%,0.00%,0.00%,0.00%,0.00%,0.00%,0.00%,0.00%,0.00%,0.00%,,37.13%,,51.44%,,37.15%,,90.6%,,41.44%,,46.92%,,59.76%,,76.14%,,43.62%,,92.16%,,88.66%,,84.80%,,78.08%,0,0,0,0,0000,no action required,,,none,,,,,,,,,,,,
Russia,EUR,"144,096,870",0.0,0.0,0.0,0.0,0.0,0.0,0.0,0.0,2.6,1.8,9.6,0,,,,66.49%,,53.02%,,FALSE,,63.17%,,,,71.92%,0.00%,0.00%,0.00%,0.00%,0.00%,0.00%,0.00%,0.00%,0.00%,0.00%,,37.13%,,51.44%,,37.15%,,90.6%,,41.44%,,46.92%,,59.76%,,76.14%,,43.62%,,92.16%,,88.66%,,84.80%,,78.08%,0,1,1,0,0110,MDA3+T2,IVM,PZQ,onch+schist,,,0.0,,,,,,,,,0
Rwanda,AFR,"11,629,553",0.0,7034.2,140.4,1054.9,5931.7,607.9,2082.4,9238.1,1207.1,1398.0,5616.1,0,,,,62.28%,40.32%,40.32%,98.55%,98.55%,98.95%,98.95%, , ,,65.07%,0.00%,5.54%,1.31%,6.74%,21.86%,11.46%,14.29%,10.80%,12.82%,0.00%,,31.23%,,40.00%,,29.43%,,85.9%,,38.16%,33.90%,33.90%,,47.18%,,86.99%,,70.92%,,90.67%,,84.83%,,69.60%,,83.90%,0,0,1,0,0010,T2,PZQ,PZQ,schist only,,,3727.197,,,,,,,,,
Saint Kitts and Nevis,AMR,"54,288",,,,,,,,,,,,,,,,64.51%,,0.25%,,56.88%,,58.26%,,,,75.74%,,,,,,,,,,,,25.90%,,34.65%,,75.75%,,92.0%,,39.45%,,60.00%,,79.60%,,86.90%,,17.20%,,98.62%,,76.90%,,100.00%,,37.34%,0,0,0,0,0000,no action required,,,none,,,,,,,,,,,,
Saint Lucia,AMR,"177,206",0.0,5.3,0.0,0.1,1.2,0.1,0.6,5.4,0.3,0.7,3.4,0,,,,64.51%,,0.25%,,56.88%,,58.26%,,,,75.74%,0.00%,0.00%,0.00%,1.64%,5.21%,0.79%,0.96%,3.63%,4.17%,0.00%,,25.90%,,34.65%,,75.75%,,100%,,39.45%,,60.00%,,79.60%,,86.90%,,17.20%,,98.62%,,76.90%,,100.00%,,37.34%,0,0,0,0,0000,no action required,,,none,,,,,,,,,,,,
Saint Vincent and the Grenadines,AMR,"109,455",0.0,0.0,0.0,0.0,0.0,0.2,0.7,4.5,0.2,0.2,1.0,0,,,,64.51%,,0.25%,,56.88%,,58.26%,,,,75.74%,0.00%,0.00%,0.00%,1.78%,5.75%,0.95%,1.17%,3.29%,3.85%,0.00%,,25.90%,,34.65%,,75.75%,,92.0%,,39.45%,,60.00%,,79.60%,,86.90%,,17.20%,,98.62%,,76.90%,,100.00%,,37.34%,0,0,0,0,0000,no action required,,,none,,,,,,,,,,,,
Samoa,WPR,193759,79.7,0.0,0.0,0.0,0.0,0.5,1.6,6.2,0.5,0.2,0.8,0,"1,798",0,0,0.00%,,78.35%,,35.94%,,53.47%,,,,71.92%,0.94%,0.00%,0.00%,3.65%,11.77%,1.21%,1.50%,8.87%,10.42%,0.00%,,50.00%,,66.20%,,37.15%,,94.9%,,35.72%,,41.55%,,65.10%,,57.69%,,31.45%,,96.93%,,93.05%,,84.80%,,78.08%,1,0,0,0,1000,MDA1/2,IVM+ALB or DEC+ALB,,lf only,0,0,,,,,,,,,,
San Marino,EUR,32960,,,,,,,,,,,,,,,,66.49%,,53.02%,,FALSE,,63.17%,,,,71.92%,,,,,,,,,,,,37.13%,,51.44%,,37.15%,,90.6%,,41.44%,,46.92%,,59.76%,,76.14%,,43.62%,,92.16%,,88.66%,,84.80%,,78.08%,0,1,0,0,0100,MDA3,IVM,,onch only,,,,,,,,,,,,0
Sao Tome and Principe,AFR,195553,525.4,35.9,0.1,0.8,4.1,0.6,2.1,6.9,5.3,5.7,17.8,0,"8,748", , , , , ,,76.05%,,68.22%,,,,65.07%,4.50%,0.02%,0.00%,2.20%,7.09%,0.80%,0.99%,11.76%,13.79%,0.00%,,31.23%,,40.00%,,29.43%,,85.9%,,38.16%,,48.59%,,47.18%,,86.99%,,70.92%,,90.67%,,84.83%,,69.60%,,83.90%,1,0,1,0,1010,MDA1/2+T2,IVM+ALB or DEC +ALB,PZQ,lf+schist ,,,,,,,,,,,,
Saudi Arabia,EMR,31557144,0.0,1451.6,0.0,0.0,0.3,7.4,30.1,216.5,8.9,7.5,38.4,0,,,,14.95%,,65.90%,,97.54%,,41.45%,,,,45.86%,0.00%,0.63%,0.04%,0.84%,2.59%,0.28%,0.32%,0.83%,0.93%,0.00%,,37.13%,,79.35%,,37.15%,,90.6%,,41.44%,,46.92%,,59.76%,,76.14%,,43.62%,,95.50%,,100.00%,,84.80%,,78.08%,0,1,0,0,0100,MDA3,IVM,,onch only,,,,,,,,,,,,0
Senegal,AFR,14976994,13036.8,17841.8,126.9,786.2,2296.6,341.5,969.0,3546.6,2406.7,1753.0,5634.2,55.8,"316,856","6,321,027",71.79%,71.79%,49.53%,49.53%,0.07%,0.07%,93.48%,93.48%,"714,920.00","438,032.00",61.27%,61.27%,2.21%,10.53%,2.52%,7.02%,23.02%,9.14%,11.54%,13.96%,16.76%,0.00%,,31.23%,,40.00%,,29.43%,,88%,,38.16%,,48.59%,,47.18%,,86.99%,,70.92%,,90.67%,,84.83%,,69.60%,66.49%,66.49%,1,0,1,0,1010,MDA1/2+T2,IVM+ALB or DEC +ALB,PZQ,lf+schist ,,77.01284432,13784.971,,,,,,,,,
Serbia,EUR,7095383,0.0,0.0,0.0,0.0,0.0,0.0,0.0,0.0,0.1,0.1,0.7,0,,,,66.49%,,53.02%,,FALSE,,63.17%,,,,71.92%,0.00%,0.00%,0.00%,0.00%,0.00%,0.00%,0.00%,0.00%,0.00%,0.00%,,37.13%,,51.44%,,37.15%,,90.6%,,41.44%,,46.92%,,59.76%,,76.14%,,43.62%,,92.16%,,88.66%,,84.80%,,78.08%,0,0,0,0,0000,no action required,,,none,,,,,,,,,,,,
Seychelles,AFR,93419,0.0,0.0,0.0,0.0,0.0,0.0,0.1,1.4,0.0,0.0,0.1,0,,,,62.28%,,51.41%,,76.05%,,68.22%,,,,65.07%,0.00%,0.00%,0.00%,4.55%,14.33%,0.75%,0.91%,5.44%,6.25%,0.00%,,31.23%,,40.00%,,29.43%,,85.9%,,38.16%,,48.59%,,47.18%,,86.99%,,70.92%,,90.67%,,84.83%,,69.60%,,83.90%,0,1,1,0,0110,MDA3+T2,IVM,PZQ,onch+schist,,,0.0,,,,,,,,,0
Sierra Leone,AFR,7237025,10615.3,2261.6,1.7,2.8,44.2,444.6,1264.3,5349.4,1341.4,132.0,1716.3,29921.7,"17,12","3,464,408",80.78%,80.78%,99.79%,99.79%,90.12%,90.12%,77.98%,77.98%,"5,944,634.00","4,662,686.00",78.44%,78.44%,2.20%,0.61%,0.14%,2.36%,7.85%,11.61%,14.85%,7.98%,9.70%,5.15%,,31.23%,,40.00%,,29.43%,,85.9%,,38.16%,,48.59%,,47.18%,,86.99%,,70.92%,,90.67%,,84.83%,,69.60%,75.35%,75.35%,1,0,1,0,1010,MDA1/2+T2,IVM+ALB or DEC +ALB,PZQ,lf+schist ,,72.84885867,13575.502,,,,,,,,,
Singapore,WPR,5535002,0.0,0.0,0.0,0.0,0.0,0.0,0.0,0.0,0.0,0.0,0.0,0,,,,53.23%,,78.35%,,35.94%,,53.47%,,,,71.92%,0.00%,0.00%,0.00%,0.00%,0.00%,0.00%,0.00%,0.00%,0.00%,0.00%,,50.00%,,66.20%,,37.15%,,94.9%,,35.72%,,41.55%,,65.10%,,57.69%,,31.45%,,96.93%,,93.05%,,84.80%,,78.08%,0,0,0,0,0000,no action required,,,none,,,,,,,,,,,,
Sint Maarten (Dutch part),AMR,38824,,,,,,,,,,,,,,,,64.51%,,0.25%,,56.88%,,58.26%,,,,75.74%,,,,,,,,,,,,25.90%,,34.65%,,75.75%,,92.0%,,39.45%,,60.00%,,79.60%,,86.90%,,17.20%,,98.62%,,76.90%,,100.00%,,37.34%,0,0,0,0,0000,no action required,,,none,,,,,,,,,,,,
Slovakia,EUR,5423801,0.0,0.0,0.0,0.0,0.0,0.0,0.0,0.0,0.1,0.1,0.4,0,,,,66.49%,,53.02%,,FALSE,,63.17%,,,,71.92%,0.00%,0.00%,0.00%,0.00%,0.00%,0.00%,0.00%,0.00%,0.00%,0.00%,,37.13%,,51.44%,,37.15%,,90.6%,,41.44%,,46.92%,,59.76%,,76.14%,,43.62%,,92.16%,,88.66%,,84.80%,,78.08%,0,0,0,0,0000,no action required,,,none,,,,,,,,,,,,
Slovenia,EUR,2063531,0.0,0.0,0.0,0.0,0.0,0.0,0.0,0.0,0.0,0.0,0.0,0,,,,66.49%,,53.02%,,FALSE,,63.17%,,,,71.92%,0.00%,0.00%,0.00%,0.00%,0.00%,0.00%,0.00%,0.00%,0.00%,0.00%,,37.13%,,51.44%,,37.15%,,90.6%,,41.44%,,46.92%,,59.76%,,76.14%,,43.62%,,92.16%,,88.66%,,84.80%,,78.08%,0,0,0,0,0000,no action required,,,none,,,,,,,,,,,,
Solomon Islands,WPR,587482,0.0,0.0,2.7,15.2,45.9,25.1,86.1,359.5,3.4,1.5,5.8,0,,,,53.23%,,78.35%,1.55%,1.55%,8.97%,8.97%,,,,71.92%,0.00%,0.00%,0.00%,7.82%,25.65%,9.54%,12.04%,1.34%,1.61%,0.00%,,50.00%,,66.20%,,37.15%,,94.9%,,35.72%,,41.55%,,65.10%,,57.69%,,31.45%,,96.93%,,93.05%,,84.80%,,78.08%,0,1,0,0,0100,MDA3,IVM,,onch only,,,,,,,,,,,,0
Somalia,EMR,13908129,0.0,19002.4,160.4,1207.6,3967.2,766.2,2617.1,9756.0,2651.1,859.3,4294.8,0,,,,14.95%,35.65%,35.65%,,97.54%,48.92%,48.92%,,,,45.86%,0.00%,8.78%,2.13%,3.02%,9.98%,8.26%,10.49%,15.08%,18.21%,0.00%,,37.13%,,79.35%,,37.15%,,90.6%,,41.44%,,46.92%,,59.76%,,76.14%,,43.62%,,95.50%,,100.00%,,84.80%,,78.08%,0,1,1,0,0110,MDA3+T2,IVM,PZQ,onch+schist,,,9065.682,,,,,,,,,0
South Africa,AFR,55011976.68,0.0,45942.9,28.0,179.3,1194.3,451.8,1858.4,10264.2,89.4,47.6,234.5,0,,,,62.28%, , ,39.24%,39.24%,44.76%,44.76%,,,,65.07%,0.00%,9.94%,1.91%,1.33%,4.26%,3.69%,4.70%,0.55%,0.64%,0.00%,,31.23%,,40.00%,,29.43%,,95.30%,48.53%,48.53%,,48.59%,,47.18%,,86.99%,,70.92%,,90.67%,,84.83%,,69.60%,,83.90%,0,0,1,0,0010,T2,PZQ,PZQ,schist only,,,,,,,,,,,,
South Sudan,AFR,11882136,1818.3,9800.3,14.6,86.4,376.4,946.3,2115.1,8322.8,1790.6,245.4,2178.5,94793.8,"34,637","364,529",7.08%,7.08%, , ,,76.05%,,68.22%,"7,532,425","1,096,576",14.56%,14.56%,0.36%,9.03%,2.25%,1.73%,5.74%,14.54%,18.60%,2.42%,2.94%,16.72%,,31.23%,,40.00%,,29.43%,,85.9%,,38.16%,,48.59%,,47.18%,,86.99%,,70.92%,,90.67%,,84.83%,,69.60%,,83.90%,1,0,1,0,1010,MDA1/2+T2,IVM+ALB or DEC +ALB,PZQ,lf+schist ,,0.1383202594,,,,,,,,,,
Spain,EUR,46447697,0.0,0.0,0.0,0.0,0.0,0.0,0.0,0.0,0.0,0.0,0.0,0,,,,66.49%,,53.02%,,FALSE,,63.17%,,,,71.92%,0.00%,0.00%,0.00%,0.00%,0.00%,0.00%,0.00%,0.00%,0.00%,0.00%,,37.13%,,51.44%,,37.15%,,90.6%,,41.44%,,46.92%,,59.76%,,76.14%,,43.62%,,92.16%,,88.66%,,84.80%,,78.08%,0,1,1,0,0110,MDA3+T2,IVM,PZQ,onch+schist,,,0.0,,,,,,,,,0
Sri Lanka,SEA,20966000,0.0,0.0,16.1,119.2,501.5,37.6,151.8,1106.3,44.9,86.8,284.1,0,,,,72.21%,,28.06%,,93.73%,,89.43%,,,,71.92%,0.00%,0.00%,0.00%,4.96%,15.61%,1.31%,1.58%,2.76%,3.16%,0.00%,58.34%,58.34%,,58.32%,,14.00%,,94.9%,,53.94%,,37.87%,,59.76%,77.90%,77.90%,27.90%,27.90%,,83.00%,,100.00%,,84.80%,,78.08%,0,0,0,0,0000,no action required,,,none,,,,,,,,,,,,
Sudan,EMR,38647803,2212.8,5307.0,0.0,0.0,0.0,306.5,970.6,3717.1,350.7,91.9,467.1,5223.5,"159,962","1,455,505",14.95%,14.95%,32.35%,32.35%,,97.54%,0.00%,0.00%,"456,851.00","419,037.00",91.72%,91.72%,0.41%,1.12%,0.16%,1.51%,4.93%,2.67%,3.35%,2.61%,3.12%,0.20%,,37.13%,,79.35%,,37.15%,,92.50%,,41.44%,,46.92%,,59.76%,,76.14%,,43.62%,,95.50%,,100.00%,,84.80%,,78.08%,1,1,1,0,1110,MDA1+T2,IVM+ALB,PZQ,lf+onch+schist ,,0.5359133137,2266.179,,,,,,,,,0.90044049
Suriname,AMR,553208,0.0,78.1,0.0,0.0,0.0,0.5,2.7,16.5,0.9,0.5,1.9,0,,,,64.51%,,0.25%,,56.88%,,58.26%,,,,75.74%,0.00%,0.59%,0.02%,1.60%,5.30%,0.82%,1.05%,3.13%,3.77%,0.00%,,25.90%,,34.65%,,75.75%,,92.0%,,39.45%,,60.00%,,79.60%,,86.90%,,17.20%,,98.62%,,76.90%,,100.00%,,37.34%,0,0,0,0,0000,no action required,,,none,,,,,,,,,,,,
Swaziland,AFR,1319011,0.0,271.2,0.2,1.4,7.6,32.2,133.6,697.8,3.2,2.0,6.8,0,,,,62.28%, , ,,76.05%,,68.22%,,,,65.07%,0.00%,1.03%,0.09%,1.51%,4.89%,7.65%,9.52%,0.90%,1.07%,0.00%,,31.23%,,40.00%,,29.43%,,85.9%,,38.16%,,48.59%,,47.18%,,86.99%,,70.92%,,90.67%,,84.83%,,69.60%,,83.90%,0,0,1,0,0010,T2,PZQ,PZQ,schist only,,,,,,,,,,,,
Sweden,EUR,9799186,0.0,0.0,0.0,0.0,0.0,0.0,0.0,0.0,0.0,0.0,0.0,0,,,,66.49%,,53.02%,,FALSE,,63.17%,,,,71.92%,0.00%,0.00%,0.00%,0.00%,0.00%,0.00%,0.00%,0.00%,0.00%,0.00%,,37.13%,,51.44%,,37.15%,,90.6%,,41.44%,,46.92%,,59.76%,,76.14%,,43.62%,,92.16%,,88.66%,,84.80%,,78.08%,0,0,0,0,0000,no action required,,,none,,,,,,,,,,,,
Switzerland,EUR,8282396,0.0,0.0,0.0,0.0,0.0,0.0,0.0,0.0,0.0,0.0,0.0,0,,,,66.49%,,53.02%,,FALSE,,63.17%,,,,71.92%,0.00%,0.00%,0.00%,0.00%,0.00%,0.00%,0.00%,0.00%,0.00%,0.00%,,37.13%,,51.44%,,37.15%,,90.6%,,41.44%,,46.92%,,59.76%,,76.14%,,43.62%,,92.16%,,88.66%,,84.80%,,78.08%,0,0,0,0,0000,no action required,,,none,,,,,,,,,,,,
Syrian Arab Republic,EMR,18734987,0.0,805.0,0.2,2.3,11.0,10.5,47.8,163.2,45.5,150.5,437.4,0,,,,14.95%,,65.90%,,97.54%,70.18%,70.18%,,,,45.86%,0.00%,0.44%,0.03%,1.26%,4.15%,0.29%,0.37%,4.23%,4.98%,0.00%,,37.13%,,79.35%,,37.15%,,90.6%,,41.44%,,46.92%,,59.76%,,76.14%,,43.62%,,95.50%,,100.00%,,84.80%,,78.08%,0,0,0,0,0000,no action required,,,none,,,,,,,,,,,,
Tajikistan,EUR,8548651,0.0,0.0,0.0,0.0,0.0,13.8,32.1,161.0,51.3,74.3,203.1,0,,,,66.49%,,53.02%,,FALSE,99.88%,99.88%,,,,71.92%,0.00%,0.00%,0.00%,2.13%,6.90%,1.16%,1.44%,11.01%,13.11%,0.00%,,37.13%,,51.44%,,37.15%,,90.6%,,41.44%,,46.92%,,59.76%,,76.14%,,43.62%,,92.16%,,88.66%,,84.80%,,78.08%,0,0,0,0,0000,no action required,,,none,,,,,,,,,,,,
Tanzania,AFR,53879957,30287.4,78415.6,137.3,857.6,3114.3,2699.3,8894.2,39248.0,8428.9,3385.3,15070.3,21709.2,"964,522","8,375,953",84.19%,84.19%,43.26%,43.26%,100.00%,100.00%,89.96%,89.96%,"6,223,741.00","5,064,777.00",81.38%,81.38%,1.84%,14.43%,3.82%,2.52%,8.13%,9.05%,11.26%,19.53%,23.14%,0.58%,10.60%,10.60%,26.30%,26.30%,19.40%,19.40%,,85.9%,28.55%,28.55%,16.78%,16.78%,23.75%,23.75%,92.20%,92.20%,57.87%,57.87%,100.00%,100.00%,60.50%,60.50%,69.60%,69.60%,,83.90%,1,0,1,0,1010,MDA1/2+T2,IVM+ALB or DEC +ALB,PZQ,lf+schist ,,108.716269,46371.199,,,,,,,,,
Thailand,SEA,68657600,0.0,0.0,2.1,18.2,180.3,49.9,184.9,2140.4,88.4,179.4,806.6,0,3453.1165, , , ,,28.06%,,93.73%,,89.43%,,,,71.92%,0.50%,0.00%,0.00%,4.45%,14.37%,0.73%,0.90%,7.80%,9.10%,0.00%,,47.82%,,58.32%,,14.00%,,94.9%,67.40%,67.40%,37.87%,37.87%,,59.76%,64.77%,64.77%,13.10%,13.10%,100.00%,100.00%,100.00%,100.00%,,84.80%,,78.08%,0,1,1,0,0110,MDA3+T2,IVM,PZQ,onch+schist,,,0.0,,,,,,,,,0
The former Yugoslav Republic of Macedonia,EUR,2079308,0.0,0.0,0.0,0.0,0.0,0.0,0.0,0.0,0.1,0.1,0.3,,,,,66.49%,,53.02%,,FALSE,,63.17%,,,,71.92%,,0.00%,0.00%,0.00%,0.00%,,,,,,,37.13%,,51.44%,,37.15%,,90.6%,,41.44%,,46.92%,,59.76%,,76.14%,,43.62%,,92.16%,,88.66%,,84.80%,,78.08%,0,0,0,0,0000,no action required,,,none,,,,,,,,,,,,
Timor-Leste,SEA,1240977,3854.4,0.0,0.6,4.0,20.2,14.0,39.2,165.8,32.5,21.3,77.0,0,"134,492","993,647",77.63%,77.63%,,28.06%,77.63%,77.63%,79.57%,79.57%,,,,71.92%,10.74%,0.00%,0.00%,5.81%,19.28%,3.99%,5.07%,10.65%,12.84%,0.00%,,47.82%,,58.32%,,14.00%,,94.9%,,53.94%,,37.87%,,59.76%,,71.33%,,20.50%,,83.00%,,100.00%,,84.80%,,78.08%,1,0,0,0,1000,MDA1/2,IVM+ALB or DEC+ALB,,lf only,342.4097588,50.47362551,,,,,,,,,,
Togo,AFR,7416802,652.3,8101.1,0.1,0.5,1.2,583.3,2150.5,8351.7,178.5,30.2,223.6,266.5,1168.5883,,,62.28%,60.21%,60.21%,100.00%,100.00%,99.96%,99.96%,"5,092,592.00","2,535,488.00",49.79%,49.79%,0.16%,6.21%,0.98%,2.21%,7.35%,16.20%,20.71%,6.33%,7.70%,0.04%,,31.23%,,40.00%,,29.43%,,85.9%,,38.16%,,48.59%,,47.18%,,86.99%,,70.92%,,90.67%,,84.83%,,69.60%,88.32%,88.32%,0,0,1,0,0010,T2,PZQ,PZQ,schist only,,,8678.447,,,,,,,,,
Tokelau,WPR,,,,,,,,,,,,,,,,,53.23%,,78.35%,,35.94%,,53.47%,,,,71.92%,,,,,,,,,,,,50.00%,,66.20%,,37.15%,,94.9%,,35.72%,,41.55%,,65.10%,,57.69%,,31.45%,,96.93%,,93.05%,,84.80%,,78.08%,0,0,0,0,0000,no action required,,,none,,,,,,,,,,,,
Tonga,WPR,106364,10.8,0.0,0.0,0.0,0.1,0.4,1.5,7.1,0.2,0.1,0.3,0,191.8792256,,,53.23%,,78.35%,,35.94%,,53.47%,,,,71.92%,0.19%,0.00%,0.00%,1.97%,6.35%,2.19%,2.71%,2.96%,3.47%,0.00%,,50.00%,,66.20%,,37.15%,,94.9%,,35.72%,,41.55%,,65.10%,,57.69%,,31.45%,,96.93%,,93.05%,,84.80%,,78.08%,0,0,0,0,0000,no action required,,,none,,,,,,,,,,,,
Trinidad and Tobago,AMR,1360092,0.0,0.0,0.0,0.0,0.1,0.4,2.4,25.4,1.5,0.7,3.2,0,,,,64.51%,,0.25%,,56.88%,,58.26%,,,,75.74%,0.00%,0.00%,0.00%,1.55%,4.77%,0.72%,0.85%,2.51%,2.82%,0.00%,,25.90%,,34.65%,,75.75%,,92.0%,,39.45%,,60.00%,,79.60%,,86.90%,,17.20%,,98.62%,,76.90%,,100.00%,,37.34%,0,0,0,0,0000,no action required,,,none,,,,,,,,,,,,
Tunisia,EMR,11273661,0.0,421.4,0.0,0.1,1.0,1.4,3.4,56.7,3.7,5.6,25.8,0,,,,14.95%,,65.90%,,97.54%,,41.45%,,,,45.86%,0.00%,0.44%,0.02%,1.14%,3.59%,0.29%,0.35%,2.33%,2.69%,0.00%,,37.13%,,79.35%,,37.15%,,90.6%,,41.44%,,46.92%,,59.76%,,76.14%,,43.62%,,95.50%,,100.00%,,84.80%,,78.08%,0,0,0,0,0000,no action required,,,none,,,,,,,,,,,,
Turkey,EUR,78271472,0.0,291.2,0.9,6.9,50.0,24.8,77.8,397.6,17.4,18.9,82.2,0,,,,66.49%,,53.02%,,FALSE,,63.17%,,,,71.92%,0.00%,0.00%,0.00%,0.96%,3.07%,0.33%,0.40%,1.58%,1.82%,0.00%,,37.13%,,51.44%,,37.15%,,90.6%,,41.44%,,46.92%,,59.76%,,76.14%,,43.62%,,92.16%,,88.66%,,84.80%,,78.08%,0,0,0,0,0000,no action required,,,none,,,,,,,,,,,,
Turkmenistan,EUR,5565284,0.0,0.0,0.0,0.0,0.0,4.6,16.6,132.4,2.4,0.7,3.9,0,,,,66.49%,,53.02%,,FALSE,,63.17%,,,,71.92%,0.00%,0.00%,0.00%,1.38%,4.33%,1.96%,2.38%,0.81%,0.94%,0.00%,,37.13%,,51.44%,,37.15%,,90.6%,,41.44%,,46.92%,,59.76%,,76.14%,,43.62%,,92.16%,,88.66%,,84.80%,,78.08%,0,1,1,0,0110,MDA3+T2,IVM,PZQ,onch+schist,,,0.0,,,,,,,,,0
Turks and Caicos Islands,AMR,34339,,,,,,,,,,,,,,,,64.51%,,0.25%,,56.88%,,58.26%,,,,75.74%,,,,,,,,,,,,25.90%,,34.65%,,75.75%,,92.0%,,39.45%,,60.00%,,79.60%,,86.90%,,17.20%,,98.62%,,76.90%,,100.00%,,37.34%,0,0,0,0,0000,no action required,,,none,,,,,,,,,,,,
Tuvalu,WPR,11001,,,,,,,,,,,,,,0,0,0.00%,,78.35%,,35.94%,,53.47%,,,,71.92%,,,,,,,,,,,,50.00%,,66.20%,,37.15%,,94.9%,,35.72%,,41.55%,,65.10%,,57.69%,,31.45%,,96.93%,,93.05%,,84.80%,,78.08%,1,0,0,0,1000,MDA1/2,IVM+ALB or DEC+ALB,,lf only,0,0,,,,,,,,,,
Uganda,AFR,40144870,10616.7,81302.9,72.7,137.9,1618.4,2071.4,5995.7,25790.9,2485.2,428.3,3768.7,26401.2,"289,548","1,979,667",66.20%,66.20%,51.91%,51.91%,77.27%,77.27%,38.37%,38.37%,"2,669,822.00","2,233,003.00",83.64%,83.64%,0.76%,21.10%,10.85%,3.56%,11.73%,9.86%,12.49%,4.13%,4.98%,0.93%,,31.23%,,40.00%,,29.43%,,44.30%,33.30%,33.30%,,48.59%,70.60%,70.60%,,86.99%,,70.92%,,90.67%,,84.83%,,69.60%,,83.90%,1,0,1,0,1010,MDA1/2+T2,IVM+ALB or DEC +ALB,PZQ,lf+schist ,,19.52343537,24279.975,,,,,,,,,
Ukraine,EUR,45154029,0.0,0.0,0.0,0.0,0.0,0.0,0.0,0.0,2.6,1.7,9.9,0,,,,66.49%,,53.02%,,FALSE,,63.17%,,,,71.92%,0.00%,0.00%,0.00%,0.00%,0.00%,0.00%,0.00%,0.00%,0.00%,0.00%,,37.13%,,51.44%,,37.15%,,90.6%,,41.44%,,46.92%,,59.76%,,76.14%,,43.62%,,92.16%,,88.66%,,84.80%,,78.08%,0,1,1,0,0110,MDA3+T2,IVM,PZQ,onch+schist,,,0.0,,,,,,,,,0
United Arab Emirates,EMR,9154302,0.0,0.0,0.0,0.0,0.0,0.6,2.4,29.9,2.0,1.0,5.1,0,,,,14.95%,,65.90%,,97.54%,,41.45%,,,,45.86%,0.00%,0.00%,0.00%,0.79%,2.54%,0.27%,0.34%,0.69%,0.82%,0.00%,,37.13%,,79.35%,,37.15%,,90.6%,,41.44%,,46.92%,,59.76%,,76.14%,,43.62%,,95.50%,,100.00%,,84.80%,,78.08%,0,0,0,0,0000,no action required,,,none,,,,,,,,,,,,
United Kingdom of Great Britain and Northern Ireland,EUR,65128861,0.0,0.0,0.0,0.0,0.0,0.0,0.0,0.0,0.6,0.3,1.9,0,,,,66.49%,,53.02%,,FALSE,,63.17%,,,,71.92%,0.00%,0.00%,0.00%,0.00%,0.00%,0.00%,0.00%,0.00%,0.00%,0.00%,,37.13%,,51.44%,,37.15%,,90.6%,,41.44%,,46.92%,,59.76%,,76.14%,,43.62%,,92.16%,,88.66%,,84.80%,,78.08%,0,0,0,0,0000,no action required,,,none,,,,,,,,,,,,
United States,AMR,320896618,0.0,0.0,0.0,0.0,0.0,0.0,0.0,0.0,0.0,0.0,0.0,0,,,,64.51%,,0.25%,,56.88%,,58.26%,,,,75.74%,0.00%,0.00%,0.00%,0.00%,0.00%,0.00%,0.00%,0.00%,0.00%,0.00%,,25.90%,,34.65%,,75.75%,,92.0%,,39.45%,,60.00%,,79.60%,,86.90%,,17.20%,,98.62%,,76.90%,,100.00%,,37.34%,0,0,0,0,0000,no action required,,,none,,,,,,,,,,,,
Uruguay,AMR,3431552,0.0,0.0,0.0,0.0,0.0,0.0,0.0,0.0,0.4,0.2,1.1,0,,,,64.51%,,0.25%,,56.88%,,58.26%,,,,75.74%,0.00%,0.00%,0.00%,0.00%,0.00%,0.00%,0.00%,0.00%,0.00%,0.00%,,25.90%,,34.65%,,75.75%,,92.0%,,39.45%,,60.00%,,79.60%,,86.90%,,17.20%,,98.62%,,76.90%,,100.00%,,37.34%,0,0,0,0,0000,no action required,,,none,,,,,,,,,,,,
US Virgin Islands,AMR,103574,0.0,0.0,0.0,0.0,0.0,0.0,0.0,0.0,0.0,0.0,0.0,0,,,,64.51%,,0.25%,,56.88%,,58.26%,,,,75.74%,0.00%,0.00%,0.00%,0.00%,0.00%,,,,,,,25.90%,,34.65%,,75.75%,,92.0%,,39.45%,,60.00%,,79.60%,,86.90%,,17.20%,,98.62%,,76.90%,,100.00%,,37.34%,0,0,0,0,0000,no action required,,,none,,,,,,,,,,,,
Uzbekistan,EUR,31298900,0.0,0.0,0.0,0.0,0.0,45.6,102.9,508.5,6.3,2.7,10.6,0,,,,66.49%,,53.02%,,FALSE,,63.17%,,,,71.92%,0.00%,0.00%,0.00%,0.00%,5.49%,0.66%,0.82%,3.16%,3.74%,0.00%,,37.13%,,51.44%,,37.15%,,90.6%,,41.44%,,46.92%,,59.76%,,76.14%,,43.62%,,92.16%,,88.66%,,84.80%,,78.08%,0,1,1,0,0110,MDA3+T2,IVM,PZQ,onch+schist,,,0.0,,,,,,,,,0
Vanuatu,WPR,264603,0.0,0.0,0.9,5.5,20.4,5.8,21.6,91.9,21.2,32.6,94.0,0,,,,53.23%,,78.35%,25.25%,25.25%,35.80%,35.80%,,,,71.92%,0.00%,0.00%,0.00%,7.13%,23.40%,5.39%,6.81%,20.09%,24.18%,0.00%,,50.00%,,66.20%,,37.15%,,94.9%,,35.72%,,41.55%,,65.10%,,57.69%,,31.45%,,96.93%,,93.05%,,84.80%,,78.08%,0,0,0,0,0000,no action required,,,none,,,,,,,,,,,,
Venezuela,AMR,31155134,0.0,5180.6,236.3,1333.5,9670.8,24.1,108.4,762.7,958.8,1600.9,7111.2,515.3,,,,64.51%, , ,,56.88%,,58.26%,"15,086.00","11,681.00",77.43%,77.43%,0.00%,2.31%,0.03%,12.31%,38.67%,0.79%,0.96%,23.18%,26.45%,0.02%,,25.90%,,34.65%,,75.75%,,92.0%,,39.45%,,60.00%,,79.60%,,86.90%,,17.20%,,98.62%,,76.90%,,100.00%,,37.34%,0,0,1,1,0011,T1,ALB+PZQ or MBD+PZQ,,schist+sth,,,,162.2809152,292.1588238,,1.248939221,0.1360825548,855.9087683,516.5428948,,
Viet Nam,WPR,91713300,0.0,0.0,262.5,44.9,14823.5,163.5,250.9,4311.6,2957.4,714.9,40067.0,0,1795187.653, , , ,,78.35%,80.86%,80.86%,91.14%,91.14%,,,,71.92%,1.92%,0.00%,0.00%,5.21%,16.93%,0.80%,1.00%,19.70%,23.42%,0.00%,,50.00%,,66.20%,,37.15%,,94.9%,,35.72%,,41.55%,,65.10%,62.00%,62.00%,32.00%,32.00%,,96.93%,,93.05%,,84.80%,,78.08%,0,0,0,0,0000,no action required,,,none,,,,,,,,,,,,
Wallis and Futuna Islands,WPR,,,,0.8,5.3,25.9,,,,,,,,, , , ,,78.35%,,35.94%,,53.47%,,,,71.92%,,,,,,,,,,,,50.00%,,66.20%,,37.15%,,94.9%,,35.72%,,41.55%,,65.10%,,57.69%,,31.45%,,96.93%,,93.05%,,84.80%,,78.08%,0,1,1,0,0110,MDA3+T2,IVM,PZQ,onch+schist,,,,,,,,,,,,0
West Bank and Gaza Strip,EMR,4422143,0.0,0.0,0.0,0.2,1.1,2.5,,,19.0,37.1,89.1,,,,,14.95%,,65.90%,,97.54%,,41.45%,,,,45.86%,0.00%,0.00%,0.00%,1.52%,4.75%,,,,,,,37.13%,,79.35%,,37.15%,,90.6%,,41.44%,,46.92%,,59.76%,,76.14%,,43.62%,,95.50%,,100.00%,,84.80%,,78.08%,0,1,0,0,0100,MDA3,IVM,,onch only,,,,,,,,,,,,0
Yemen,EMR,26916207,0.0,9366.4,0.0,0.0,0.0,367.3,998.5,3416.2,756.6,707.8,2203.2,9.7,3164.4915, , , ,100.00%,100.00%,,97.54%,8.49%,8.49%,"628,728.00",,0.00%,45.86%,0.11%,2.56%,0.34%,1.62%,5.42%,3.24%,4.17%,7.21%,8.83%,0.00%,,37.13%,,79.35%,,37.15%,,90.6%,,41.44%,,46.92%,,59.76%,,76.14%,,43.62%,,95.50%,,100.00%,,84.80%,,78.08%,0,1,1,0,0110,MDA3+T2,IVM,PZQ,onch+schist,,,90276.153,,,,,,,,,0.000005354858309
Zambia,AFR,16100587,3337.9,19628.9,,,,729.5,2383.6,8907.8,247.7,37.0,303.0,0,"153,981","11,398,966",93.25%,93.25%,29.81%,29.81%,57.70%,57.70%,57.70%,57.70%,0,0,0.00%,0.00%,0.91%,11.61%,2.91%,1.61%,5.36%,8.34%,10.65%,5.44%,6.61%,0.00%,,31.23%,,40.00%,,29.43%,,84.0%,,38.16%,,48.59%,,47.18%,,86.99%,,70.92%,,90.67%,,84.83%,,69.60%,,83.90%,1,1,1,0,1110,MDA1+T2,IVM+ALB,PZQ,lf+onch+schist ,,11.49231466,6557.072,,,,,,,,,0
Zimbabwe,AFR,15777451,40.4,9204.5,,,,379.8,1509.8,7918.8,65.2,23.1,96.2,0,792,"3,709,275",48.31%,48.31%,64.52%,64.52%,26.95%,26.95%,58.53%,58.53%,0,0,0.00%,0.00%,0.01%,4.24%,0.93%,1.46%,4.75%,5.24%,6.56%,4.64%,5.53%,0.00%,,31.23%,,40.00%,,29.43%,,85.9%,,38.16%,,48.59%,,47.18%,,86.99%,,70.92%,,90.67%,,84.83%,,69.60%,,83.90%,1,1,1,0,1110,MDA1+T2,IVM+ALB,PZQ,lf+onch+schist ,,0.0003758748101,11443.893,,,,,,,,,0
,,,,1425052.1,,,,,,,,,,,,,0.48313138,,,,,,,,,,,,0.85%,2.44%,0.47%,1.82%,5.99%,2.72%,3.42%,5.13%,6.09%,0.43%,,,,,,,,,,,,,,,,,,,,,,,,,,,,,,,0001,sth only,,,EMR,0,0.5359133137,0,0,0,0,0,0,0,0,0,
,,,,,,,,,,,,,,,,,,,,,,,,,,,,,,,,,,,,,,,,,,,,,,,,,,,,,,,,,,,,,,,,,,,,,0000,none,,,AFR,22.02755962,4584.742608,0,226.9134216,0,306.9236592,0,0,0,0,0,
,company,drug,score,,LF,,,Schistosomiasis,,,Whipworm,,,Hookworm,,,Roundworm,,,Onch,,,,,,,,,,,,,,,,,,,,,,,,,,,,,,,,,,,,,,,,,,,,,,,,,1111,lf+onch+schist+sth,,,WPR,3.257346204,11.92141805,0,0,0,0,0,0,0,0,0,
,Merck,IVM,"59,660.49",,company,drug,score,company,drug,score,company,drug,score,company,drug,score,company,drug,score,company,drug,score,,,,,,,,,,,,,,,,,,,,,,,,,,,,,,,,,,,,,,,,,,,,,,,1001,lf+sth,,,AMR,125.4003281,906.0835036,0.00,162.2809152,292.1588238,0,1.248939221,0.1360825548,855.9087683,516.5428948,0,
,Bayer Healthcare,PZQ,0.00,,GlaxoSmithKline,ALB,3833.779055,Bayer Healthcare,PZQ,0.00,GlaxoSmithKline,ALB,"2,061.03",GlaxoSmithKline,ALB,0,GlaxoSmithKline,ALB,"156,239.87",Merck,IVM,430.97,,,,,,,,,,,,,,,,,,,,,,,,,,,,,,,,,,,,,,,,,,,,,,,1110,lf+onch+schist ,,,EUR,0,0,0.00,0,0,0,0,0,0,0,0,
,Pfizer Inc.,DEC,424.04,,Pfizer Inc.,DEC,424.0387655,,,,Merck,IVM,737.6100479,Johnson and Johnson,MDB,0,Merck,IVM,55513.14195,,,,,,,,,,,,,,,,,,,,,,,,,,,,,,,,,,,,,,,,,,,,,,,,,,0110,onch+schist,,,SEA,697.3922972,1316.197136,0.00,934.224921,0,1168.296437,114.6691476,0,99870.82016,0,111026.2839,
,GlaxoSmithKline,ALB,"162,250.60",,Merck,IVM,3409.740289,,,,Johnson and Johnson,MDB,292.16,,,,Johnson and Johnson,MDB,516.54,,,,,,,,,,,,,,,,,,,,,,,,,,,,,,,,,,,,,,,,,,,,,,,,,,1000,lf only,,,,,,,,,,,,,,,
,Johnson and Johnson,MDB,808.84,,,,,,,,,,,,,,,,,,,,,,,,,,,,,,,,,,,,,,,,,,,,,,,,,,,,,,,,,,,,,,,,,,0111,onch+schist+sth,,,,,,,,,,,,,,,
,,,,,,,,,,,,,,,,,,,,,,,,,,,,,,,,,,,,,,,,,,,,,,,,,,,,,,,,,,,,,,,,,,,,,0010,schist only,,,,,,,,,,,,,,,
,,,,,,,,,,,,,,,,,,,,,,,,,,,,,,,,,,,,,,,,,,,,,,,,,,,,,,,,,,,,,,,,,,,,,1011,lf+schist+sth,,,,Total Impact by Region,LF Impact,Schist Impact,Whipworm Impact,Hookworm Impact,Roundworm Impact,Onch Impact,,,,,
,,,,,,,,,,,,,,,,,,,,,,,,,,,,,,,,,,,,,,,,,,,,,,,,,,,,,,,,,,,,,,,,,,,,,1100,lf+onch,,,,EMR,0.54,0.00,0.00,0.00,0.00,0.90,,,,,
,,430.97,"223,143.97",,,,,,,,,,,,,,,,,,,,,,,,,,,,,,,,,,,,,,,,,,,,,,,,,,,,,,,,,,,,,,,,,,0100,onch only,,,,AFR,"4,606.77",0.00,533.84,0.00,0.00,430.0716075,,,,,
,,,0.19%,,,,,,,,,,,,,,,,,,,,,,,,,,,,,,,,,,,,,,,,,,,,,,,,,,,,,,,,,,,,,,,,,,0011,schist+sth,,,,WPR,15.18,0.00,0.00,0.00,0.00,0,,,,,
,,,,,,,,,,,,,,,,,,,,,,,,,,,,,,,,,,,,,,,,,,,,,,,,,,,,,,,,,,,,,,,,,,,,,0101,onch+sth,,,,AMR,"1,031.48",0.00,454.44,1.39,"1,372.45",0,,,,,
,,,,,,,,,,,,,,,,,,,,,,,,,,,,,,,,,,,,,,,,,,,,,,,,,,,,,,,,,,,,,,,,,,,,,1101,lf+onch+sth,,,,EUR,0.00,0.00,0.00,0.00,0.00,0,,,,,
,,,,,,,,,,,,,,,,,,,,,,,,,,,,,,,,,,,,,,,,,,,,,,,,,,,,,,,,,,,,,,,,,,,,,1010,lf+schist ,,,,SEA,"2,013.59",0.00,"2,102.52",114.67,"210,897.10",0,,,,,
